,Religious belief,Mode of study,Country of HE provider,Academic year,Classification of first degree,Number
7260,No religion,Full-time,England,2018/19,First class honours,40135
7261,No religion,Full-time,England,2018/19,Upper second class honours,62760
7262,No religion,Full-time,England,2018/19,Lower second class honours,18770
7263,No religion,Full-time,England,2018/19,Third class honours/Pass,3335
7264,No religion,Full-time,England,2018/19,Unclassified,3465
7265,No religion,Part-time,England,2018/19,First class honours,1895
7266,No religion,Part-time,England,2018/19,Upper second class honours,2655
7267,No religion,Part-time,England,2018/19,Lower second class honours,1650
7268,No religion,Part-time,England,2018/19,Third class honours/Pass,860
7269,No religion,Part-time,England,2018/19,Unclassified,245
7270,No religion,Full-time,Northern Ireland,2018/19,First class honours,495
7271,No religion,Full-time,Northern Ireland,2018/19,Upper second class honours,785
7272,No religion,Full-time,Northern Ireland,2018/19,Lower second class honours,235
7273,No religion,Full-time,Northern Ireland,2018/19,Third class honours/Pass,35
7274,No religion,Full-time,Northern Ireland,2018/19,Unclassified,55
7275,No religion,Part-time,Northern Ireland,2018/19,First class honours,45
7276,No religion,Part-time,Northern Ireland,2018/19,Upper second class honours,85
7277,No religion,Part-time,Northern Ireland,2018/19,Lower second class honours,40
7278,No religion,Part-time,Northern Ireland,2018/19,Third class honours/Pass,5
7279,No religion,Part-time,Northern Ireland,2018/19,Unclassified,5
7280,No religion,Full-time,Scotland,2018/19,First class honours,3525
7281,No religion,Full-time,Scotland,2018/19,Upper second class honours,6655
7282,No religion,Full-time,Scotland,2018/19,Lower second class honours,1905
7283,No religion,Full-time,Scotland,2018/19,Third class honours/Pass,330
7284,No religion,Full-time,Scotland,2018/19,Unclassified,4080
7285,No religion,Part-time,Scotland,2018/19,First class honours,135
7286,No religion,Part-time,Scotland,2018/19,Upper second class honours,240
7287,No religion,Part-time,Scotland,2018/19,Lower second class honours,120
7288,No religion,Part-time,Scotland,2018/19,Third class honours/Pass,55
7289,No religion,Part-time,Scotland,2018/19,Unclassified,635
7290,No religion,Full-time,Wales,2018/19,First class honours,2930
7291,No religion,Full-time,Wales,2018/19,Upper second class honours,4995
7292,No religion,Full-time,Wales,2018/19,Lower second class honours,1850
7293,No religion,Full-time,Wales,2018/19,Third class honours/Pass,270
7294,No religion,Full-time,Wales,2018/19,Unclassified,215
7295,No religion,Part-time,Wales,2018/19,First class honours,135
7296,No religion,Part-time,Wales,2018/19,Upper second class honours,150
7297,No religion,Part-time,Wales,2018/19,Lower second class honours,90
7298,No religion,Part-time,Wales,2018/19,Third class honours/Pass,40
7299,No religion,Part-time,Wales,2018/19,Unclassified,10
7300,No religion,Full-time,England,2019/20,First class honours,49120
7301,No religion,Full-time,England,2019/20,Upper second class honours,59790
7302,No religion,Full-time,England,2019/20,Lower second class honours,14540
7303,No religion,Full-time,England,2019/20,Third class honours/Pass,2135
7304,No religion,Full-time,England,2019/20,Unclassified,3600
7305,No religion,Part-time,England,2019/20,First class honours,1840
7306,No religion,Part-time,England,2019/20,Upper second class honours,2120
7307,No religion,Part-time,England,2019/20,Lower second class honours,1155
7308,No religion,Part-time,England,2019/20,Third class honours/Pass,565
7309,No religion,Part-time,England,2019/20,Unclassified,175
7310,No religion,Full-time,Northern Ireland,2019/20,First class honours,510
7311,No religion,Full-time,Northern Ireland,2019/20,Upper second class honours,800
7312,No religion,Full-time,Northern Ireland,2019/20,Lower second class honours,170
7313,No religion,Full-time,Northern Ireland,2019/20,Third class honours/Pass,10
7314,No religion,Full-time,Northern Ireland,2019/20,Unclassified,60
7315,No religion,Part-time,Northern Ireland,2019/20,First class honours,55
7316,No religion,Part-time,Northern Ireland,2019/20,Upper second class honours,65
7317,No religion,Part-time,Northern Ireland,2019/20,Lower second class honours,25
7318,No religion,Part-time,Northern Ireland,2019/20,Third class honours/Pass,15
7319,No religion,Part-time,Northern Ireland,2019/20,Unclassified,0
7320,No religion,Full-time,Scotland,2019/20,First class honours,4600
7321,No religion,Full-time,Scotland,2019/20,Upper second class honours,6675
7322,No religion,Full-time,Scotland,2019/20,Lower second class honours,1490
7323,No religion,Full-time,Scotland,2019/20,Third class honours/Pass,235
7324,No religion,Full-time,Scotland,2019/20,Unclassified,3530
7325,No religion,Part-time,Scotland,2019/20,First class honours,85
7326,No religion,Part-time,Scotland,2019/20,Upper second class honours,125
7327,No religion,Part-time,Scotland,2019/20,Lower second class honours,70
7328,No religion,Part-time,Scotland,2019/20,Third class honours/Pass,30
7329,No religion,Part-time,Scotland,2019/20,Unclassified,505
7330,No religion,Full-time,Wales,2019/20,First class honours,3865
7331,No religion,Full-time,Wales,2019/20,Upper second class honours,4915
7332,No religion,Full-time,Wales,2019/20,Lower second class honours,1595
7333,No religion,Full-time,Wales,2019/20,Third class honours/Pass,230
7334,No religion,Full-time,Wales,2019/20,Unclassified,185
7335,No religion,Part-time,Wales,2019/20,First class honours,130
7336,No religion,Part-time,Wales,2019/20,Upper second class honours,130
7337,No religion,Part-time,Wales,2019/20,Lower second class honours,65
7338,No religion,Part-time,Wales,2019/20,Third class honours/Pass,30
7339,No religion,Part-time,Wales,2019/20,Unclassified,10
7340,No religion,All,England,2018/19,First class honours,42035
7341,No religion,All,England,2018/19,Upper second class honours,65415
7342,No religion,All,England,2018/19,Lower second class honours,20425
7343,No religion,All,England,2018/19,Third class honours/Pass,4195
7344,No religion,All,England,2018/19,Unclassified,3710
7345,No religion,All,Northern Ireland,2018/19,First class honours,540
7346,No religion,All,Northern Ireland,2018/19,Upper second class honours,870
7347,No religion,All,Northern Ireland,2018/19,Lower second class honours,270
7348,No religion,All,Northern Ireland,2018/19,Third class honours/Pass,40
7349,No religion,All,Northern Ireland,2018/19,Unclassified,60
7350,No religion,All,Scotland,2018/19,First class honours,3655
7351,No religion,All,Scotland,2018/19,Upper second class honours,6900
7352,No religion,All,Scotland,2018/19,Lower second class honours,2025
7353,No religion,All,Scotland,2018/19,Third class honours/Pass,390
7354,No religion,All,Scotland,2018/19,Unclassified,4715
7355,No religion,All,Wales,2018/19,First class honours,3065
7356,No religion,All,Wales,2018/19,Upper second class honours,5145
7357,No religion,All,Wales,2018/19,Lower second class honours,1940
7358,No religion,All,Wales,2018/19,Third class honours/Pass,310
7359,No religion,All,Wales,2018/19,Unclassified,225
7360,No religion,All,England,2019/20,First class honours,50960
7361,No religion,All,England,2019/20,Upper second class honours,61910
7362,No religion,All,England,2019/20,Lower second class honours,15695
7363,No religion,All,England,2019/20,Third class honours/Pass,2700
7364,No religion,All,England,2019/20,Unclassified,3775
7365,No religion,All,Northern Ireland,2019/20,First class honours,565
7366,No religion,All,Northern Ireland,2019/20,Upper second class honours,860
7367,No religion,All,Northern Ireland,2019/20,Lower second class honours,190
7368,No religion,All,Northern Ireland,2019/20,Third class honours/Pass,25
7369,No religion,All,Northern Ireland,2019/20,Unclassified,60
7370,No religion,All,Scotland,2019/20,First class honours,4685
7371,No religion,All,Scotland,2019/20,Upper second class honours,6800
7372,No religion,All,Scotland,2019/20,Lower second class honours,1560
7373,No religion,All,Scotland,2019/20,Third class honours/Pass,265
7374,No religion,All,Scotland,2019/20,Unclassified,4040
7375,No religion,All,Wales,2019/20,First class honours,3995
7376,No religion,All,Wales,2019/20,Upper second class honours,5045
7377,No religion,All,Wales,2019/20,Lower second class honours,1660
7378,No religion,All,Wales,2019/20,Third class honours/Pass,260
7379,No religion,All,Wales,2019/20,Unclassified,195
7380,No religion,All,All,2018/19,First class honours,49295
7381,No religion,All,All,2018/19,Upper second class honours,78325
7382,No religion,All,All,2018/19,Lower second class honours,24660
7383,No religion,All,All,2018/19,Third class honours/Pass,4930
7384,No religion,All,All,2018/19,Unclassified,8705
7385,No religion,All,All,2019/20,First class honours,60205
7386,No religion,All,All,2019/20,Upper second class honours,74615
7387,No religion,All,All,2019/20,Lower second class honours,19105
7388,No religion,All,All,2019/20,Third class honours/Pass,3250
7389,No religion,All,All,2019/20,Unclassified,8070
7390,No religion,Full-time,All,2018/19,First class honours,47085
7391,No religion,Full-time,All,2018/19,Upper second class honours,75195
7392,No religion,Full-time,All,2018/19,Lower second class honours,22760
7393,No religion,Full-time,All,2018/19,Third class honours/Pass,3970
7394,No religion,Full-time,All,2018/19,Unclassified,7810
7395,No religion,Full-time,All,2019/20,First class honours,58095
7396,No religion,Full-time,All,2019/20,Upper second class honours,72175
7397,No religion,Full-time,All,2019/20,Lower second class honours,17795
7398,No religion,Full-time,All,2019/20,Third class honours/Pass,2610
7399,No religion,Full-time,All,2019/20,Unclassified,7385
7400,No religion,Part-time,All,2018/19,First class honours,2210
7401,No religion,Part-time,All,2018/19,Upper second class honours,3130
7402,No religion,Part-time,All,2018/19,Lower second class honours,1900
7403,No religion,Part-time,All,2018/19,Third class honours/Pass,960
7404,No religion,Part-time,All,2018/19,Unclassified,895
7405,No religion,Part-time,All,2019/20,First class honours,2105
7406,No religion,Part-time,All,2019/20,Upper second class honours,2440
7407,No religion,Part-time,All,2019/20,Lower second class honours,1310
7408,No religion,Part-time,All,2019/20,Third class honours/Pass,640
7409,No religion,Part-time,All,2019/20,Unclassified,690
7410,Buddhist,Full-time,England,2018/19,First class honours,300
7411,Buddhist,Full-time,England,2018/19,Upper second class honours,550
7412,Buddhist,Full-time,England,2018/19,Lower second class honours,275
7413,Buddhist,Full-time,England,2018/19,Third class honours/Pass,45
7414,Buddhist,Full-time,England,2018/19,Unclassified,45
7415,Buddhist,Part-time,England,2018/19,First class honours,10
7416,Buddhist,Part-time,England,2018/19,Upper second class honours,25
7417,Buddhist,Part-time,England,2018/19,Lower second class honours,35
7418,Buddhist,Part-time,England,2018/19,Third class honours/Pass,25
7419,Buddhist,Part-time,England,2018/19,Unclassified,5
7420,Buddhist,Full-time,Northern Ireland,2018/19,First class honours,0
7421,Buddhist,Full-time,Northern Ireland,2018/19,Upper second class honours,5
7422,Buddhist,Full-time,Northern Ireland,2018/19,Lower second class honours,0
7423,Buddhist,Full-time,Northern Ireland,2018/19,Third class honours/Pass,0
7424,Buddhist,Full-time,Northern Ireland,2018/19,Unclassified,0
7425,Buddhist,Part-time,Northern Ireland,2018/19,First class honours,0
7426,Buddhist,Part-time,Northern Ireland,2018/19,Upper second class honours,0
7427,Buddhist,Part-time,Northern Ireland,2018/19,Lower second class honours,0
7428,Buddhist,Part-time,Northern Ireland,2018/19,Third class honours/Pass,0
7429,Buddhist,Part-time,Northern Ireland,2018/19,Unclassified,0
7430,Buddhist,Full-time,Scotland,2018/19,First class honours,10
7431,Buddhist,Full-time,Scotland,2018/19,Upper second class honours,35
7432,Buddhist,Full-time,Scotland,2018/19,Lower second class honours,10
7433,Buddhist,Full-time,Scotland,2018/19,Third class honours/Pass,0
7434,Buddhist,Full-time,Scotland,2018/19,Unclassified,20
7435,Buddhist,Part-time,Scotland,2018/19,First class honours,0
7436,Buddhist,Part-time,Scotland,2018/19,Upper second class honours,0
7437,Buddhist,Part-time,Scotland,2018/19,Lower second class honours,0
7438,Buddhist,Part-time,Scotland,2018/19,Third class honours/Pass,0
7439,Buddhist,Part-time,Scotland,2018/19,Unclassified,5
7440,Buddhist,Full-time,Wales,2018/19,First class honours,10
7441,Buddhist,Full-time,Wales,2018/19,Upper second class honours,25
7442,Buddhist,Full-time,Wales,2018/19,Lower second class honours,15
7443,Buddhist,Full-time,Wales,2018/19,Third class honours/Pass,5
7444,Buddhist,Full-time,Wales,2018/19,Unclassified,0
7445,Buddhist,Part-time,Wales,2018/19,First class honours,0
7446,Buddhist,Part-time,Wales,2018/19,Upper second class honours,5
7447,Buddhist,Part-time,Wales,2018/19,Lower second class honours,0
7448,Buddhist,Part-time,Wales,2018/19,Third class honours/Pass,0
7449,Buddhist,Part-time,Wales,2018/19,Unclassified,0
7450,Buddhist,Full-time,England,2019/20,First class honours,375
7451,Buddhist,Full-time,England,2019/20,Upper second class honours,565
7452,Buddhist,Full-time,England,2019/20,Lower second class honours,205
7453,Buddhist,Full-time,England,2019/20,Third class honours/Pass,35
7454,Buddhist,Full-time,England,2019/20,Unclassified,55
7455,Buddhist,Part-time,England,2019/20,First class honours,20
7456,Buddhist,Part-time,England,2019/20,Upper second class honours,30
7457,Buddhist,Part-time,England,2019/20,Lower second class honours,20
7458,Buddhist,Part-time,England,2019/20,Third class honours/Pass,15
7459,Buddhist,Part-time,England,2019/20,Unclassified,0
7460,Buddhist,Full-time,Northern Ireland,2019/20,First class honours,0
7461,Buddhist,Full-time,Northern Ireland,2019/20,Upper second class honours,5
7462,Buddhist,Full-time,Northern Ireland,2019/20,Lower second class honours,0
7463,Buddhist,Full-time,Northern Ireland,2019/20,Third class honours/Pass,0
7464,Buddhist,Full-time,Northern Ireland,2019/20,Unclassified,0
7465,Buddhist,Part-time,Northern Ireland,2019/20,First class honours,0
7466,Buddhist,Part-time,Northern Ireland,2019/20,Upper second class honours,0
7467,Buddhist,Part-time,Northern Ireland,2019/20,Lower second class honours,0
7468,Buddhist,Part-time,Northern Ireland,2019/20,Third class honours/Pass,0
7469,Buddhist,Part-time,Northern Ireland,2019/20,Unclassified,0
7470,Buddhist,Full-time,Scotland,2019/20,First class honours,25
7471,Buddhist,Full-time,Scotland,2019/20,Upper second class honours,40
7472,Buddhist,Full-time,Scotland,2019/20,Lower second class honours,0
7473,Buddhist,Full-time,Scotland,2019/20,Third class honours/Pass,5
7474,Buddhist,Full-time,Scotland,2019/20,Unclassified,20
7475,Buddhist,Part-time,Scotland,2019/20,First class honours,0
7476,Buddhist,Part-time,Scotland,2019/20,Upper second class honours,0
7477,Buddhist,Part-time,Scotland,2019/20,Lower second class honours,0
7478,Buddhist,Part-time,Scotland,2019/20,Third class honours/Pass,0
7479,Buddhist,Part-time,Scotland,2019/20,Unclassified,5
7480,Buddhist,Full-time,Wales,2019/20,First class honours,20
7481,Buddhist,Full-time,Wales,2019/20,Upper second class honours,20
7482,Buddhist,Full-time,Wales,2019/20,Lower second class honours,15
7483,Buddhist,Full-time,Wales,2019/20,Third class honours/Pass,5
7484,Buddhist,Full-time,Wales,2019/20,Unclassified,0
7485,Buddhist,Part-time,Wales,2019/20,First class honours,0
7486,Buddhist,Part-time,Wales,2019/20,Upper second class honours,0
7487,Buddhist,Part-time,Wales,2019/20,Lower second class honours,0
7488,Buddhist,Part-time,Wales,2019/20,Third class honours/Pass,0
7489,Buddhist,Part-time,Wales,2019/20,Unclassified,0
7490,Buddhist,All,England,2018/19,First class honours,310
7491,Buddhist,All,England,2018/19,Upper second class honours,575
7492,Buddhist,All,England,2018/19,Lower second class honours,310
7493,Buddhist,All,England,2018/19,Third class honours/Pass,70
7494,Buddhist,All,England,2018/19,Unclassified,50
7495,Buddhist,All,Northern Ireland,2018/19,First class honours,0
7496,Buddhist,All,Northern Ireland,2018/19,Upper second class honours,5
7497,Buddhist,All,Northern Ireland,2018/19,Lower second class honours,0
7498,Buddhist,All,Northern Ireland,2018/19,Third class honours/Pass,0
7499,Buddhist,All,Northern Ireland,2018/19,Unclassified,0
7500,Buddhist,All,Scotland,2018/19,First class honours,10
7501,Buddhist,All,Scotland,2018/19,Upper second class honours,35
7502,Buddhist,All,Scotland,2018/19,Lower second class honours,10
7503,Buddhist,All,Scotland,2018/19,Third class honours/Pass,0
7504,Buddhist,All,Scotland,2018/19,Unclassified,25
7505,Buddhist,All,Wales,2018/19,First class honours,10
7506,Buddhist,All,Wales,2018/19,Upper second class honours,30
7507,Buddhist,All,Wales,2018/19,Lower second class honours,15
7508,Buddhist,All,Wales,2018/19,Third class honours/Pass,5
7509,Buddhist,All,Wales,2018/19,Unclassified,0
7510,Buddhist,All,England,2019/20,First class honours,395
7511,Buddhist,All,England,2019/20,Upper second class honours,590
7512,Buddhist,All,England,2019/20,Lower second class honours,230
7513,Buddhist,All,England,2019/20,Third class honours/Pass,50
7514,Buddhist,All,England,2019/20,Unclassified,60
7515,Buddhist,All,Northern Ireland,2019/20,First class honours,5
7516,Buddhist,All,Northern Ireland,2019/20,Upper second class honours,5
7517,Buddhist,All,Northern Ireland,2019/20,Lower second class honours,0
7518,Buddhist,All,Northern Ireland,2019/20,Third class honours/Pass,0
7519,Buddhist,All,Northern Ireland,2019/20,Unclassified,0
7520,Buddhist,All,Scotland,2019/20,First class honours,30
7521,Buddhist,All,Scotland,2019/20,Upper second class honours,40
7522,Buddhist,All,Scotland,2019/20,Lower second class honours,0
7523,Buddhist,All,Scotland,2019/20,Third class honours/Pass,5
7524,Buddhist,All,Scotland,2019/20,Unclassified,20
7525,Buddhist,All,Wales,2019/20,First class honours,20
7526,Buddhist,All,Wales,2019/20,Upper second class honours,20
7527,Buddhist,All,Wales,2019/20,Lower second class honours,15
7528,Buddhist,All,Wales,2019/20,Third class honours/Pass,5
7529,Buddhist,All,Wales,2019/20,Unclassified,0
7530,Buddhist,All,All,2018/19,First class honours,335
7531,Buddhist,All,All,2018/19,Upper second class honours,645
7532,Buddhist,All,All,2018/19,Lower second class honours,340
7533,Buddhist,All,All,2018/19,Third class honours/Pass,75
7534,Buddhist,All,All,2018/19,Unclassified,75
7535,Buddhist,All,All,2019/20,First class honours,445
7536,Buddhist,All,All,2019/20,Upper second class honours,660
7537,Buddhist,All,All,2019/20,Lower second class honours,245
7538,Buddhist,All,All,2019/20,Third class honours/Pass,60
7539,Buddhist,All,All,2019/20,Unclassified,80
7540,Buddhist,Full-time,All,2018/19,First class honours,325
7541,Buddhist,Full-time,All,2018/19,Upper second class honours,615
7542,Buddhist,Full-time,All,2018/19,Lower second class honours,305
7543,Buddhist,Full-time,All,2018/19,Third class honours/Pass,50
7544,Buddhist,Full-time,All,2018/19,Unclassified,60
7545,Buddhist,Full-time,All,2019/20,First class honours,425
7546,Buddhist,Full-time,All,2019/20,Upper second class honours,630
7547,Buddhist,Full-time,All,2019/20,Lower second class honours,225
7548,Buddhist,Full-time,All,2019/20,Third class honours/Pass,40
7549,Buddhist,Full-time,All,2019/20,Unclassified,75
7550,Buddhist,Part-time,All,2018/19,First class honours,10
7551,Buddhist,Part-time,All,2018/19,Upper second class honours,35
7552,Buddhist,Part-time,All,2018/19,Lower second class honours,35
7553,Buddhist,Part-time,All,2018/19,Third class honours/Pass,25
7554,Buddhist,Part-time,All,2018/19,Unclassified,10
7555,Buddhist,Part-time,All,2019/20,First class honours,20
7556,Buddhist,Part-time,All,2019/20,Upper second class honours,30
7557,Buddhist,Part-time,All,2019/20,Lower second class honours,20
7558,Buddhist,Part-time,All,2019/20,Third class honours/Pass,20
7559,Buddhist,Part-time,All,2019/20,Unclassified,5
7560,Christian,Full-time,England,2018/19,First class honours,21530
7561,Christian,Full-time,England,2018/19,Upper second class honours,38275
7562,Christian,Full-time,England,2018/19,Lower second class honours,14750
7563,Christian,Full-time,England,2018/19,Third class honours/Pass,2885
7564,Christian,Full-time,England,2018/19,Unclassified,2000
7565,Christian,Part-time,England,2018/19,First class honours,1330
7566,Christian,Part-time,England,2018/19,Upper second class honours,2310
7567,Christian,Part-time,England,2018/19,Lower second class honours,1740
7568,Christian,Part-time,England,2018/19,Third class honours/Pass,1105
7569,Christian,Part-time,England,2018/19,Unclassified,275
7570,Christian,Full-time,Northern Ireland,2018/19,First class honours,1445
7571,Christian,Full-time,Northern Ireland,2018/19,Upper second class honours,3015
7572,Christian,Full-time,Northern Ireland,2018/19,Lower second class honours,890
7573,Christian,Full-time,Northern Ireland,2018/19,Third class honours/Pass,75
7574,Christian,Full-time,Northern Ireland,2018/19,Unclassified,160
7575,Christian,Part-time,Northern Ireland,2018/19,First class honours,130
7576,Christian,Part-time,Northern Ireland,2018/19,Upper second class honours,245
7577,Christian,Part-time,Northern Ireland,2018/19,Lower second class honours,120
7578,Christian,Part-time,Northern Ireland,2018/19,Third class honours/Pass,25
7579,Christian,Part-time,Northern Ireland,2018/19,Unclassified,5
7580,Christian,Full-time,Scotland,2018/19,First class honours,1575
7581,Christian,Full-time,Scotland,2018/19,Upper second class honours,3500
7582,Christian,Full-time,Scotland,2018/19,Lower second class honours,1100
7583,Christian,Full-time,Scotland,2018/19,Third class honours/Pass,130
7584,Christian,Full-time,Scotland,2018/19,Unclassified,2455
7585,Christian,Part-time,Scotland,2018/19,First class honours,70
7586,Christian,Part-time,Scotland,2018/19,Upper second class honours,135
7587,Christian,Part-time,Scotland,2018/19,Lower second class honours,90
7588,Christian,Part-time,Scotland,2018/19,Third class honours/Pass,50
7589,Christian,Part-time,Scotland,2018/19,Unclassified,505
7590,Christian,Full-time,Wales,2018/19,First class honours,1360
7591,Christian,Full-time,Wales,2018/19,Upper second class honours,2205
7592,Christian,Full-time,Wales,2018/19,Lower second class honours,865
7593,Christian,Full-time,Wales,2018/19,Third class honours/Pass,135
7594,Christian,Full-time,Wales,2018/19,Unclassified,105
7595,Christian,Part-time,Wales,2018/19,First class honours,95
7596,Christian,Part-time,Wales,2018/19,Upper second class honours,115
7597,Christian,Part-time,Wales,2018/19,Lower second class honours,80
7598,Christian,Part-time,Wales,2018/19,Third class honours/Pass,25
7599,Christian,Part-time,Wales,2018/19,Unclassified,20
7600,Christian,Full-time,England,2019/20,First class honours,25455
7601,Christian,Full-time,England,2019/20,Upper second class honours,36725
7602,Christian,Full-time,England,2019/20,Lower second class honours,11870
7603,Christian,Full-time,England,2019/20,Third class honours/Pass,2045
7604,Christian,Full-time,England,2019/20,Unclassified,2250
7605,Christian,Part-time,England,2019/20,First class honours,1240
7606,Christian,Part-time,England,2019/20,Upper second class honours,1680
7607,Christian,Part-time,England,2019/20,Lower second class honours,1335
7608,Christian,Part-time,England,2019/20,Third class honours/Pass,770
7609,Christian,Part-time,England,2019/20,Unclassified,200
7610,Christian,Full-time,Northern Ireland,2019/20,First class honours,1815
7611,Christian,Full-time,Northern Ireland,2019/20,Upper second class honours,3105
7612,Christian,Full-time,Northern Ireland,2019/20,Lower second class honours,735
7613,Christian,Full-time,Northern Ireland,2019/20,Third class honours/Pass,50
7614,Christian,Full-time,Northern Ireland,2019/20,Unclassified,145
7615,Christian,Part-time,Northern Ireland,2019/20,First class honours,115
7616,Christian,Part-time,Northern Ireland,2019/20,Upper second class honours,195
7617,Christian,Part-time,Northern Ireland,2019/20,Lower second class honours,115
7618,Christian,Part-time,Northern Ireland,2019/20,Third class honours/Pass,20
7619,Christian,Part-time,Northern Ireland,2019/20,Unclassified,0
7620,Christian,Full-time,Scotland,2019/20,First class honours,2000
7621,Christian,Full-time,Scotland,2019/20,Upper second class honours,3220
7622,Christian,Full-time,Scotland,2019/20,Lower second class honours,820
7623,Christian,Full-time,Scotland,2019/20,Third class honours/Pass,140
7624,Christian,Full-time,Scotland,2019/20,Unclassified,1935
7625,Christian,Part-time,Scotland,2019/20,First class honours,50
7626,Christian,Part-time,Scotland,2019/20,Upper second class honours,80
7627,Christian,Part-time,Scotland,2019/20,Lower second class honours,45
7628,Christian,Part-time,Scotland,2019/20,Third class honours/Pass,25
7629,Christian,Part-time,Scotland,2019/20,Unclassified,425
7630,Christian,Full-time,Wales,2019/20,First class honours,1575
7631,Christian,Full-time,Wales,2019/20,Upper second class honours,2030
7632,Christian,Full-time,Wales,2019/20,Lower second class honours,635
7633,Christian,Full-time,Wales,2019/20,Third class honours/Pass,110
7634,Christian,Full-time,Wales,2019/20,Unclassified,110
7635,Christian,Part-time,Wales,2019/20,First class honours,75
7636,Christian,Part-time,Wales,2019/20,Upper second class honours,70
7637,Christian,Part-time,Wales,2019/20,Lower second class honours,40
7638,Christian,Part-time,Wales,2019/20,Third class honours/Pass,10
7639,Christian,Part-time,Wales,2019/20,Unclassified,0
7640,Christian,All,England,2018/19,First class honours,22860
7641,Christian,All,England,2018/19,Upper second class honours,40585
7642,Christian,All,England,2018/19,Lower second class honours,16490
7643,Christian,All,England,2018/19,Third class honours/Pass,3990
7644,Christian,All,England,2018/19,Unclassified,2275
7645,Christian,All,Northern Ireland,2018/19,First class honours,1575
7646,Christian,All,Northern Ireland,2018/19,Upper second class honours,3265
7647,Christian,All,Northern Ireland,2018/19,Lower second class honours,1010
7648,Christian,All,Northern Ireland,2018/19,Third class honours/Pass,100
7649,Christian,All,Northern Ireland,2018/19,Unclassified,160
7650,Christian,All,Scotland,2018/19,First class honours,1650
7651,Christian,All,Scotland,2018/19,Upper second class honours,3630
7652,Christian,All,Scotland,2018/19,Lower second class honours,1190
7653,Christian,All,Scotland,2018/19,Third class honours/Pass,185
7654,Christian,All,Scotland,2018/19,Unclassified,2960
7655,Christian,All,Wales,2018/19,First class honours,1455
7656,Christian,All,Wales,2018/19,Upper second class honours,2320
7657,Christian,All,Wales,2018/19,Lower second class honours,950
7658,Christian,All,Wales,2018/19,Third class honours/Pass,160
7659,Christian,All,Wales,2018/19,Unclassified,125
7660,Christian,All,England,2019/20,First class honours,26695
7661,Christian,All,England,2019/20,Upper second class honours,38405
7662,Christian,All,England,2019/20,Lower second class honours,13205
7663,Christian,All,England,2019/20,Third class honours/Pass,2815
7664,Christian,All,England,2019/20,Unclassified,2455
7665,Christian,All,Northern Ireland,2019/20,First class honours,1930
7666,Christian,All,Northern Ireland,2019/20,Upper second class honours,3305
7667,Christian,All,Northern Ireland,2019/20,Lower second class honours,850
7668,Christian,All,Northern Ireland,2019/20,Third class honours/Pass,65
7669,Christian,All,Northern Ireland,2019/20,Unclassified,145
7670,Christian,All,Scotland,2019/20,First class honours,2045
7671,Christian,All,Scotland,2019/20,Upper second class honours,3300
7672,Christian,All,Scotland,2019/20,Lower second class honours,870
7673,Christian,All,Scotland,2019/20,Third class honours/Pass,165
7674,Christian,All,Scotland,2019/20,Unclassified,2360
7675,Christian,All,Wales,2019/20,First class honours,1645
7676,Christian,All,Wales,2019/20,Upper second class honours,2105
7677,Christian,All,Wales,2019/20,Lower second class honours,675
7678,Christian,All,Wales,2019/20,Third class honours/Pass,120
7679,Christian,All,Wales,2019/20,Unclassified,110
7680,Christian,All,All,2018/19,First class honours,27535
7681,Christian,All,All,2018/19,Upper second class honours,49800
7682,Christian,All,All,2018/19,Lower second class honours,19640
7683,Christian,All,All,2018/19,Third class honours/Pass,4435
7684,Christian,All,All,2018/19,Unclassified,5530
7685,Christian,All,All,2019/20,First class honours,32315
7686,Christian,All,All,2019/20,Upper second class honours,47110
7687,Christian,All,All,2019/20,Lower second class honours,15600
7688,Christian,All,All,2019/20,Third class honours/Pass,3165
7689,Christian,All,All,2019/20,Unclassified,5065
7690,Christian,Full-time,All,2018/19,First class honours,25910
7691,Christian,Full-time,All,2018/19,Upper second class honours,46995
7692,Christian,Full-time,All,2018/19,Lower second class honours,17610
7693,Christian,Full-time,All,2018/19,Third class honours/Pass,3225
7694,Christian,Full-time,All,2018/19,Unclassified,4720
7695,Christian,Full-time,All,2019/20,First class honours,30840
7696,Christian,Full-time,All,2019/20,Upper second class honours,45080
7697,Christian,Full-time,All,2019/20,Lower second class honours,14060
7698,Christian,Full-time,All,2019/20,Third class honours/Pass,2345
7699,Christian,Full-time,All,2019/20,Unclassified,4435
7700,Christian,Part-time,All,2018/19,First class honours,1630
7701,Christian,Part-time,All,2018/19,Upper second class honours,2805
7702,Christian,Part-time,All,2018/19,Lower second class honours,2030
7703,Christian,Part-time,All,2018/19,Third class honours/Pass,1210
7704,Christian,Part-time,All,2018/19,Unclassified,805
7705,Christian,Part-time,All,2019/20,First class honours,1475
7706,Christian,Part-time,All,2019/20,Upper second class honours,2030
7707,Christian,Part-time,All,2019/20,Lower second class honours,1535
7708,Christian,Part-time,All,2019/20,Third class honours/Pass,825
7709,Christian,Part-time,All,2019/20,Unclassified,630
7710,Hindu,Full-time,England,2018/19,First class honours,1260
7711,Hindu,Full-time,England,2018/19,Upper second class honours,2445
7712,Hindu,Full-time,England,2018/19,Lower second class honours,970
7713,Hindu,Full-time,England,2018/19,Third class honours/Pass,215
7714,Hindu,Full-time,England,2018/19,Unclassified,475
7715,Hindu,Part-time,England,2018/19,First class honours,20
7716,Hindu,Part-time,England,2018/19,Upper second class honours,30
7717,Hindu,Part-time,England,2018/19,Lower second class honours,65
7718,Hindu,Part-time,England,2018/19,Third class honours/Pass,35
7719,Hindu,Part-time,England,2018/19,Unclassified,15
7720,Hindu,Full-time,Northern Ireland,2018/19,First class honours,5
7721,Hindu,Full-time,Northern Ireland,2018/19,Upper second class honours,0
7722,Hindu,Full-time,Northern Ireland,2018/19,Lower second class honours,0
7723,Hindu,Full-time,Northern Ireland,2018/19,Third class honours/Pass,0
7724,Hindu,Full-time,Northern Ireland,2018/19,Unclassified,5
7725,Hindu,Part-time,Northern Ireland,2018/19,First class honours,0
7726,Hindu,Part-time,Northern Ireland,2018/19,Upper second class honours,0
7727,Hindu,Part-time,Northern Ireland,2018/19,Lower second class honours,0
7728,Hindu,Part-time,Northern Ireland,2018/19,Third class honours/Pass,0
7729,Hindu,Part-time,Northern Ireland,2018/19,Unclassified,0
7730,Hindu,Full-time,Scotland,2018/19,First class honours,10
7731,Hindu,Full-time,Scotland,2018/19,Upper second class honours,35
7732,Hindu,Full-time,Scotland,2018/19,Lower second class honours,15
7733,Hindu,Full-time,Scotland,2018/19,Third class honours/Pass,0
7734,Hindu,Full-time,Scotland,2018/19,Unclassified,20
7735,Hindu,Part-time,Scotland,2018/19,First class honours,0
7736,Hindu,Part-time,Scotland,2018/19,Upper second class honours,0
7737,Hindu,Part-time,Scotland,2018/19,Lower second class honours,0
7738,Hindu,Part-time,Scotland,2018/19,Third class honours/Pass,0
7739,Hindu,Part-time,Scotland,2018/19,Unclassified,0
7740,Hindu,Full-time,Wales,2018/19,First class honours,30
7741,Hindu,Full-time,Wales,2018/19,Upper second class honours,50
7742,Hindu,Full-time,Wales,2018/19,Lower second class honours,30
7743,Hindu,Full-time,Wales,2018/19,Third class honours/Pass,0
7744,Hindu,Full-time,Wales,2018/19,Unclassified,5
7745,Hindu,Part-time,Wales,2018/19,First class honours,0
7746,Hindu,Part-time,Wales,2018/19,Upper second class honours,0
7747,Hindu,Part-time,Wales,2018/19,Lower second class honours,0
7748,Hindu,Part-time,Wales,2018/19,Third class honours/Pass,0
7749,Hindu,Part-time,Wales,2018/19,Unclassified,0
7750,Hindu,Full-time,England,2019/20,First class honours,1705
7751,Hindu,Full-time,England,2019/20,Upper second class honours,2355
7752,Hindu,Full-time,England,2019/20,Lower second class honours,735
7753,Hindu,Full-time,England,2019/20,Third class honours/Pass,110
7754,Hindu,Full-time,England,2019/20,Unclassified,455
7755,Hindu,Part-time,England,2019/20,First class honours,20
7756,Hindu,Part-time,England,2019/20,Upper second class honours,60
7757,Hindu,Part-time,England,2019/20,Lower second class honours,75
7758,Hindu,Part-time,England,2019/20,Third class honours/Pass,45
7759,Hindu,Part-time,England,2019/20,Unclassified,10
7760,Hindu,Full-time,Northern Ireland,2019/20,First class honours,0
7761,Hindu,Full-time,Northern Ireland,2019/20,Upper second class honours,5
7762,Hindu,Full-time,Northern Ireland,2019/20,Lower second class honours,0
7763,Hindu,Full-time,Northern Ireland,2019/20,Third class honours/Pass,0
7764,Hindu,Full-time,Northern Ireland,2019/20,Unclassified,5
7765,Hindu,Part-time,Northern Ireland,2019/20,First class honours,0
7766,Hindu,Part-time,Northern Ireland,2019/20,Upper second class honours,0
7767,Hindu,Part-time,Northern Ireland,2019/20,Lower second class honours,0
7768,Hindu,Part-time,Northern Ireland,2019/20,Third class honours/Pass,0
7769,Hindu,Part-time,Northern Ireland,2019/20,Unclassified,0
7770,Hindu,Full-time,Scotland,2019/20,First class honours,20
7771,Hindu,Full-time,Scotland,2019/20,Upper second class honours,45
7772,Hindu,Full-time,Scotland,2019/20,Lower second class honours,15
7773,Hindu,Full-time,Scotland,2019/20,Third class honours/Pass,0
7774,Hindu,Full-time,Scotland,2019/20,Unclassified,40
7775,Hindu,Part-time,Scotland,2019/20,First class honours,0
7776,Hindu,Part-time,Scotland,2019/20,Upper second class honours,0
7777,Hindu,Part-time,Scotland,2019/20,Lower second class honours,0
7778,Hindu,Part-time,Scotland,2019/20,Third class honours/Pass,0
7779,Hindu,Part-time,Scotland,2019/20,Unclassified,0
7780,Hindu,Full-time,Wales,2019/20,First class honours,35
7781,Hindu,Full-time,Wales,2019/20,Upper second class honours,70
7782,Hindu,Full-time,Wales,2019/20,Lower second class honours,25
7783,Hindu,Full-time,Wales,2019/20,Third class honours/Pass,0
7784,Hindu,Full-time,Wales,2019/20,Unclassified,20
7785,Hindu,All,England,2018/19,First class honours,1280
7786,Hindu,All,England,2018/19,Upper second class honours,2475
7787,Hindu,All,England,2018/19,Lower second class honours,1030
7788,Hindu,All,England,2018/19,Third class honours/Pass,250
7789,Hindu,All,England,2018/19,Unclassified,490
7790,Hindu,All,Northern Ireland,2018/19,First class honours,5
7791,Hindu,All,Northern Ireland,2018/19,Upper second class honours,5
7792,Hindu,All,Northern Ireland,2018/19,Lower second class honours,5
7793,Hindu,All,Northern Ireland,2018/19,Third class honours/Pass,0
7794,Hindu,All,Northern Ireland,2018/19,Unclassified,5
7795,Hindu,All,Scotland,2018/19,First class honours,10
7796,Hindu,All,Scotland,2018/19,Upper second class honours,35
7797,Hindu,All,Scotland,2018/19,Lower second class honours,15
7798,Hindu,All,Scotland,2018/19,Third class honours/Pass,0
7799,Hindu,All,Scotland,2018/19,Unclassified,20
7800,Hindu,All,Wales,2018/19,First class honours,30
7801,Hindu,All,Wales,2018/19,Upper second class honours,55
7802,Hindu,All,Wales,2018/19,Lower second class honours,30
7803,Hindu,All,Wales,2018/19,Third class honours/Pass,0
7804,Hindu,All,Wales,2018/19,Unclassified,5
7805,Hindu,All,England,2019/20,First class honours,1725
7806,Hindu,All,England,2019/20,Upper second class honours,2415
7807,Hindu,All,England,2019/20,Lower second class honours,810
7808,Hindu,All,England,2019/20,Third class honours/Pass,155
7809,Hindu,All,England,2019/20,Unclassified,465
7810,Hindu,All,Northern Ireland,2019/20,First class honours,0
7811,Hindu,All,Northern Ireland,2019/20,Upper second class honours,5
7812,Hindu,All,Northern Ireland,2019/20,Lower second class honours,0
7813,Hindu,All,Northern Ireland,2019/20,Third class honours/Pass,0
7814,Hindu,All,Northern Ireland,2019/20,Unclassified,5
7815,Hindu,All,Scotland,2019/20,First class honours,20
7816,Hindu,All,Scotland,2019/20,Upper second class honours,45
7817,Hindu,All,Scotland,2019/20,Lower second class honours,15
7818,Hindu,All,Scotland,2019/20,Third class honours/Pass,0
7819,Hindu,All,Scotland,2019/20,Unclassified,45
7820,Hindu,All,Wales,2019/20,First class honours,35
7821,Hindu,All,Wales,2019/20,Upper second class honours,70
7822,Hindu,All,Wales,2019/20,Lower second class honours,25
7823,Hindu,All,Wales,2019/20,Third class honours/Pass,0
7824,Hindu,All,Wales,2019/20,Unclassified,20
7825,Hindu,All,All,2018/19,First class honours,1325
7826,Hindu,All,All,2018/19,Upper second class honours,2565
7827,Hindu,All,All,2018/19,Lower second class honours,1080
7828,Hindu,All,All,2018/19,Third class honours/Pass,255
7829,Hindu,All,All,2018/19,Unclassified,525
7830,Hindu,All,All,2019/20,First class honours,1780
7831,Hindu,All,All,2019/20,Upper second class honours,2530
7832,Hindu,All,All,2019/20,Lower second class honours,850
7833,Hindu,All,All,2019/20,Third class honours/Pass,160
7834,Hindu,All,All,2019/20,Unclassified,530
7835,Hindu,Full-time,All,2018/19,First class honours,1305
7836,Hindu,Full-time,All,2018/19,Upper second class honours,2535
7837,Hindu,Full-time,All,2018/19,Lower second class honours,1015
7838,Hindu,Full-time,All,2018/19,Third class honours/Pass,220
7839,Hindu,Full-time,All,2018/19,Unclassified,505
7840,Hindu,Full-time,All,2019/20,First class honours,1760
7841,Hindu,Full-time,All,2019/20,Upper second class honours,2470
7842,Hindu,Full-time,All,2019/20,Lower second class honours,770
7843,Hindu,Full-time,All,2019/20,Third class honours/Pass,115
7844,Hindu,Full-time,All,2019/20,Unclassified,520
7845,Hindu,Part-time,All,2018/19,First class honours,20
7846,Hindu,Part-time,All,2018/19,Upper second class honours,30
7847,Hindu,Part-time,All,2018/19,Lower second class honours,65
7848,Hindu,Part-time,All,2018/19,Third class honours/Pass,35
7849,Hindu,Part-time,All,2018/19,Unclassified,20
7850,Hindu,Part-time,All,2019/20,First class honours,25
7851,Hindu,Part-time,All,2019/20,Upper second class honours,60
7852,Hindu,Part-time,All,2019/20,Lower second class honours,80
7853,Hindu,Part-time,All,2019/20,Third class honours/Pass,45
7854,Hindu,Part-time,All,2019/20,Unclassified,10
7855,Jewish,Full-time,England,2018/19,First class honours,425
7856,Jewish,Full-time,England,2018/19,Upper second class honours,715
7857,Jewish,Full-time,England,2018/19,Lower second class honours,150
7858,Jewish,Full-time,England,2018/19,Third class honours/Pass,10
7859,Jewish,Full-time,England,2018/19,Unclassified,50
7860,Jewish,Part-time,England,2018/19,First class honours,15
7861,Jewish,Part-time,England,2018/19,Upper second class honours,20
7862,Jewish,Part-time,England,2018/19,Lower second class honours,10
7863,Jewish,Part-time,England,2018/19,Third class honours/Pass,5
7864,Jewish,Part-time,England,2018/19,Unclassified,0
7865,Jewish,Full-time,Northern Ireland,2018/19,First class honours,0
7866,Jewish,Full-time,Northern Ireland,2018/19,Upper second class honours,0
7867,Jewish,Full-time,Northern Ireland,2018/19,Lower second class honours,0
7868,Jewish,Full-time,Northern Ireland,2018/19,Third class honours/Pass,0
7869,Jewish,Full-time,Northern Ireland,2018/19,Unclassified,0
7870,Jewish,Part-time,Northern Ireland,2018/19,First class honours,0
7871,Jewish,Part-time,Northern Ireland,2018/19,Upper second class honours,0
7872,Jewish,Part-time,Northern Ireland,2018/19,Lower second class honours,0
7873,Jewish,Part-time,Northern Ireland,2018/19,Third class honours/Pass,0
7874,Jewish,Part-time,Northern Ireland,2018/19,Unclassified,0
7875,Jewish,Full-time,Scotland,2018/19,First class honours,20
7876,Jewish,Full-time,Scotland,2018/19,Upper second class honours,30
7877,Jewish,Full-time,Scotland,2018/19,Lower second class honours,0
7878,Jewish,Full-time,Scotland,2018/19,Third class honours/Pass,0
7879,Jewish,Full-time,Scotland,2018/19,Unclassified,10
7880,Jewish,Part-time,Scotland,2018/19,First class honours,0
7881,Jewish,Part-time,Scotland,2018/19,Upper second class honours,0
7882,Jewish,Part-time,Scotland,2018/19,Lower second class honours,0
7883,Jewish,Part-time,Scotland,2018/19,Third class honours/Pass,0
7884,Jewish,Part-time,Scotland,2018/19,Unclassified,0
7885,Jewish,Full-time,Wales,2018/19,First class honours,5
7886,Jewish,Full-time,Wales,2018/19,Upper second class honours,10
7887,Jewish,Full-time,Wales,2018/19,Lower second class honours,0
7888,Jewish,Full-time,Wales,2018/19,Third class honours/Pass,0
7889,Jewish,Full-time,Wales,2018/19,Unclassified,0
7890,Jewish,Full-time,England,2019/20,First class honours,550
7891,Jewish,Full-time,England,2019/20,Upper second class honours,685
7892,Jewish,Full-time,England,2019/20,Lower second class honours,120
7893,Jewish,Full-time,England,2019/20,Third class honours/Pass,15
7894,Jewish,Full-time,England,2019/20,Unclassified,65
7895,Jewish,Part-time,England,2019/20,First class honours,5
7896,Jewish,Part-time,England,2019/20,Upper second class honours,10
7897,Jewish,Part-time,England,2019/20,Lower second class honours,10
7898,Jewish,Part-time,England,2019/20,Third class honours/Pass,0
7899,Jewish,Part-time,England,2019/20,Unclassified,0
7900,Jewish,Full-time,Northern Ireland,2019/20,First class honours,0
7901,Jewish,Full-time,Northern Ireland,2019/20,Upper second class honours,0
7902,Jewish,Full-time,Northern Ireland,2019/20,Lower second class honours,0
7903,Jewish,Full-time,Northern Ireland,2019/20,Third class honours/Pass,0
7904,Jewish,Full-time,Northern Ireland,2019/20,Unclassified,0
7905,Jewish,Full-time,Scotland,2019/20,First class honours,30
7906,Jewish,Full-time,Scotland,2019/20,Upper second class honours,25
7907,Jewish,Full-time,Scotland,2019/20,Lower second class honours,5
7908,Jewish,Full-time,Scotland,2019/20,Third class honours/Pass,0
7909,Jewish,Full-time,Scotland,2019/20,Unclassified,10
7910,Jewish,Part-time,Scotland,2019/20,First class honours,0
7911,Jewish,Part-time,Scotland,2019/20,Upper second class honours,0
7912,Jewish,Part-time,Scotland,2019/20,Lower second class honours,0
7913,Jewish,Part-time,Scotland,2019/20,Third class honours/Pass,0
7914,Jewish,Part-time,Scotland,2019/20,Unclassified,0
7915,Jewish,Full-time,Wales,2019/20,First class honours,10
7916,Jewish,Full-time,Wales,2019/20,Upper second class honours,10
7917,Jewish,Full-time,Wales,2019/20,Lower second class honours,0
7918,Jewish,Full-time,Wales,2019/20,Third class honours/Pass,0
7919,Jewish,Full-time,Wales,2019/20,Unclassified,0
7920,Jewish,All,England,2018/19,First class honours,440
7921,Jewish,All,England,2018/19,Upper second class honours,735
7922,Jewish,All,England,2018/19,Lower second class honours,165
7923,Jewish,All,England,2018/19,Third class honours/Pass,15
7924,Jewish,All,England,2018/19,Unclassified,50
7925,Jewish,All,Northern Ireland,2018/19,First class honours,0
7926,Jewish,All,Northern Ireland,2018/19,Upper second class honours,0
7927,Jewish,All,Northern Ireland,2018/19,Lower second class honours,0
7928,Jewish,All,Northern Ireland,2018/19,Third class honours/Pass,0
7929,Jewish,All,Northern Ireland,2018/19,Unclassified,0
7930,Jewish,All,Scotland,2018/19,First class honours,20
7931,Jewish,All,Scotland,2018/19,Upper second class honours,30
7932,Jewish,All,Scotland,2018/19,Lower second class honours,5
7933,Jewish,All,Scotland,2018/19,Third class honours/Pass,0
7934,Jewish,All,Scotland,2018/19,Unclassified,10
7935,Jewish,All,Wales,2018/19,First class honours,5
7936,Jewish,All,Wales,2018/19,Upper second class honours,10
7937,Jewish,All,Wales,2018/19,Lower second class honours,0
7938,Jewish,All,Wales,2018/19,Third class honours/Pass,0
7939,Jewish,All,Wales,2018/19,Unclassified,0
7940,Jewish,All,England,2019/20,First class honours,555
7941,Jewish,All,England,2019/20,Upper second class honours,695
7942,Jewish,All,England,2019/20,Lower second class honours,135
7943,Jewish,All,England,2019/20,Third class honours/Pass,20
7944,Jewish,All,England,2019/20,Unclassified,65
7945,Jewish,All,Northern Ireland,2019/20,First class honours,0
7946,Jewish,All,Northern Ireland,2019/20,Upper second class honours,0
7947,Jewish,All,Northern Ireland,2019/20,Lower second class honours,0
7948,Jewish,All,Northern Ireland,2019/20,Third class honours/Pass,0
7949,Jewish,All,Northern Ireland,2019/20,Unclassified,0
7950,Jewish,All,Scotland,2019/20,First class honours,30
7951,Jewish,All,Scotland,2019/20,Upper second class honours,25
7952,Jewish,All,Scotland,2019/20,Lower second class honours,5
7953,Jewish,All,Scotland,2019/20,Third class honours/Pass,0
7954,Jewish,All,Scotland,2019/20,Unclassified,10
7955,Jewish,All,Wales,2019/20,First class honours,10
7956,Jewish,All,Wales,2019/20,Upper second class honours,10
7957,Jewish,All,Wales,2019/20,Lower second class honours,0
7958,Jewish,All,Wales,2019/20,Third class honours/Pass,0
7959,Jewish,All,Wales,2019/20,Unclassified,0
7960,Jewish,All,All,2018/19,First class honours,465
7961,Jewish,All,All,2018/19,Upper second class honours,775
7962,Jewish,All,All,2018/19,Lower second class honours,170
7963,Jewish,All,All,2018/19,Third class honours/Pass,20
7964,Jewish,All,All,2018/19,Unclassified,60
7965,Jewish,All,All,2019/20,First class honours,595
7966,Jewish,All,All,2019/20,Upper second class honours,735
7967,Jewish,All,All,2019/20,Lower second class honours,135
7968,Jewish,All,All,2019/20,Third class honours/Pass,20
7969,Jewish,All,All,2019/20,Unclassified,75
7970,Jewish,Full-time,All,2018/19,First class honours,455
7971,Jewish,Full-time,All,2018/19,Upper second class honours,755
7972,Jewish,Full-time,All,2018/19,Lower second class honours,155
7973,Jewish,Full-time,All,2018/19,Third class honours/Pass,15
7974,Jewish,Full-time,All,2018/19,Unclassified,55
7975,Jewish,Full-time,All,2019/20,First class honours,590
7976,Jewish,Full-time,All,2019/20,Upper second class honours,725
7977,Jewish,Full-time,All,2019/20,Lower second class honours,125
7978,Jewish,Full-time,All,2019/20,Third class honours/Pass,20
7979,Jewish,Full-time,All,2019/20,Unclassified,75
7980,Jewish,Part-time,All,2018/19,First class honours,15
7981,Jewish,Part-time,All,2018/19,Upper second class honours,20
7982,Jewish,Part-time,All,2018/19,Lower second class honours,15
7983,Jewish,Part-time,All,2018/19,Third class honours/Pass,5
7984,Jewish,Part-time,All,2018/19,Unclassified,0
7985,Jewish,Part-time,All,2019/20,First class honours,5
7986,Jewish,Part-time,All,2019/20,Upper second class honours,10
7987,Jewish,Part-time,All,2019/20,Lower second class honours,10
7988,Jewish,Part-time,All,2019/20,Third class honours/Pass,0
7989,Jewish,Part-time,All,2019/20,Unclassified,0
7990,Muslim,Full-time,England,2018/19,First class honours,4665
7991,Muslim,Full-time,England,2018/19,Upper second class honours,10675
7992,Muslim,Full-time,England,2018/19,Lower second class honours,6235
7993,Muslim,Full-time,England,2018/19,Third class honours/Pass,1405
7994,Muslim,Full-time,England,2018/19,Unclassified,885
7995,Muslim,Part-time,England,2018/19,First class honours,90
7996,Muslim,Part-time,England,2018/19,Upper second class honours,320
7997,Muslim,Part-time,England,2018/19,Lower second class honours,475
7998,Muslim,Part-time,England,2018/19,Third class honours/Pass,310
7999,Muslim,Part-time,England,2018/19,Unclassified,80
8000,Muslim,Full-time,Northern Ireland,2018/19,First class honours,5
8001,Muslim,Full-time,Northern Ireland,2018/19,Upper second class honours,10
8002,Muslim,Full-time,Northern Ireland,2018/19,Lower second class honours,10
8003,Muslim,Full-time,Northern Ireland,2018/19,Third class honours/Pass,0
8004,Muslim,Full-time,Northern Ireland,2018/19,Unclassified,5
8005,Muslim,Part-time,Northern Ireland,2018/19,First class honours,0
8006,Muslim,Part-time,Northern Ireland,2018/19,Upper second class honours,0
8007,Muslim,Part-time,Northern Ireland,2018/19,Lower second class honours,0
8008,Muslim,Part-time,Northern Ireland,2018/19,Third class honours/Pass,0
8009,Muslim,Part-time,Northern Ireland,2018/19,Unclassified,0
8010,Muslim,Full-time,Scotland,2018/19,First class honours,90
8011,Muslim,Full-time,Scotland,2018/19,Upper second class honours,315
8012,Muslim,Full-time,Scotland,2018/19,Lower second class honours,140
8013,Muslim,Full-time,Scotland,2018/19,Third class honours/Pass,20
8014,Muslim,Full-time,Scotland,2018/19,Unclassified,260
8015,Muslim,Part-time,Scotland,2018/19,First class honours,0
8016,Muslim,Part-time,Scotland,2018/19,Upper second class honours,5
8017,Muslim,Part-time,Scotland,2018/19,Lower second class honours,10
8018,Muslim,Part-time,Scotland,2018/19,Third class honours/Pass,5
8019,Muslim,Part-time,Scotland,2018/19,Unclassified,20
8020,Muslim,Full-time,Wales,2018/19,First class honours,70
8021,Muslim,Full-time,Wales,2018/19,Upper second class honours,220
8022,Muslim,Full-time,Wales,2018/19,Lower second class honours,135
8023,Muslim,Full-time,Wales,2018/19,Third class honours/Pass,20
8024,Muslim,Full-time,Wales,2018/19,Unclassified,20
8025,Muslim,Part-time,Wales,2018/19,First class honours,0
8026,Muslim,Part-time,Wales,2018/19,Upper second class honours,0
8027,Muslim,Part-time,Wales,2018/19,Lower second class honours,0
8028,Muslim,Part-time,Wales,2018/19,Third class honours/Pass,0
8029,Muslim,Part-time,Wales,2018/19,Unclassified,0
8030,Muslim,Full-time,England,2019/20,First class honours,6790
8031,Muslim,Full-time,England,2019/20,Upper second class honours,11510
8032,Muslim,Full-time,England,2019/20,Lower second class honours,5000
8033,Muslim,Full-time,England,2019/20,Third class honours/Pass,1005
8034,Muslim,Full-time,England,2019/20,Unclassified,1090
8035,Muslim,Part-time,England,2019/20,First class honours,105
8036,Muslim,Part-time,England,2019/20,Upper second class honours,285
8037,Muslim,Part-time,England,2019/20,Lower second class honours,490
8038,Muslim,Part-time,England,2019/20,Third class honours/Pass,290
8039,Muslim,Part-time,England,2019/20,Unclassified,70
8040,Muslim,Full-time,Northern Ireland,2019/20,First class honours,5
8041,Muslim,Full-time,Northern Ireland,2019/20,Upper second class honours,15
8042,Muslim,Full-time,Northern Ireland,2019/20,Lower second class honours,0
8043,Muslim,Full-time,Northern Ireland,2019/20,Third class honours/Pass,0
8044,Muslim,Full-time,Northern Ireland,2019/20,Unclassified,5
8045,Muslim,Part-time,Northern Ireland,2019/20,First class honours,0
8046,Muslim,Part-time,Northern Ireland,2019/20,Upper second class honours,0
8047,Muslim,Part-time,Northern Ireland,2019/20,Lower second class honours,0
8048,Muslim,Part-time,Northern Ireland,2019/20,Third class honours/Pass,0
8049,Muslim,Part-time,Northern Ireland,2019/20,Unclassified,0
8050,Muslim,Full-time,Scotland,2019/20,First class honours,165
8051,Muslim,Full-time,Scotland,2019/20,Upper second class honours,330
8052,Muslim,Full-time,Scotland,2019/20,Lower second class honours,110
8053,Muslim,Full-time,Scotland,2019/20,Third class honours/Pass,15
8054,Muslim,Full-time,Scotland,2019/20,Unclassified,210
8055,Muslim,Part-time,Scotland,2019/20,First class honours,0
8056,Muslim,Part-time,Scotland,2019/20,Upper second class honours,0
8057,Muslim,Part-time,Scotland,2019/20,Lower second class honours,5
8058,Muslim,Part-time,Scotland,2019/20,Third class honours/Pass,5
8059,Muslim,Part-time,Scotland,2019/20,Unclassified,20
8060,Muslim,Full-time,Wales,2019/20,First class honours,115
8061,Muslim,Full-time,Wales,2019/20,Upper second class honours,300
8062,Muslim,Full-time,Wales,2019/20,Lower second class honours,135
8063,Muslim,Full-time,Wales,2019/20,Third class honours/Pass,20
8064,Muslim,Full-time,Wales,2019/20,Unclassified,25
8065,Muslim,Part-time,Wales,2019/20,First class honours,0
8066,Muslim,Part-time,Wales,2019/20,Upper second class honours,0
8067,Muslim,Part-time,Wales,2019/20,Lower second class honours,5
8068,Muslim,Part-time,Wales,2019/20,Third class honours/Pass,0
8069,Muslim,Part-time,Wales,2019/20,Unclassified,0
8070,Muslim,All,England,2018/19,First class honours,4755
8071,Muslim,All,England,2018/19,Upper second class honours,10990
8072,Muslim,All,England,2018/19,Lower second class honours,6710
8073,Muslim,All,England,2018/19,Third class honours/Pass,1715
8074,Muslim,All,England,2018/19,Unclassified,970
8075,Muslim,All,Northern Ireland,2018/19,First class honours,5
8076,Muslim,All,Northern Ireland,2018/19,Upper second class honours,10
8077,Muslim,All,Northern Ireland,2018/19,Lower second class honours,10
8078,Muslim,All,Northern Ireland,2018/19,Third class honours/Pass,0
8079,Muslim,All,Northern Ireland,2018/19,Unclassified,5
8080,Muslim,All,Scotland,2018/19,First class honours,95
8081,Muslim,All,Scotland,2018/19,Upper second class honours,325
8082,Muslim,All,Scotland,2018/19,Lower second class honours,150
8083,Muslim,All,Scotland,2018/19,Third class honours/Pass,25
8084,Muslim,All,Scotland,2018/19,Unclassified,280
8085,Muslim,All,Wales,2018/19,First class honours,75
8086,Muslim,All,Wales,2018/19,Upper second class honours,220
8087,Muslim,All,Wales,2018/19,Lower second class honours,140
8088,Muslim,All,Wales,2018/19,Third class honours/Pass,25
8089,Muslim,All,Wales,2018/19,Unclassified,20
8090,Muslim,All,England,2019/20,First class honours,6895
8091,Muslim,All,England,2019/20,Upper second class honours,11795
8092,Muslim,All,England,2019/20,Lower second class honours,5490
8093,Muslim,All,England,2019/20,Third class honours/Pass,1300
8094,Muslim,All,England,2019/20,Unclassified,1155
8095,Muslim,All,Northern Ireland,2019/20,First class honours,5
8096,Muslim,All,Northern Ireland,2019/20,Upper second class honours,20
8097,Muslim,All,Northern Ireland,2019/20,Lower second class honours,5
8098,Muslim,All,Northern Ireland,2019/20,Third class honours/Pass,0
8099,Muslim,All,Northern Ireland,2019/20,Unclassified,5
8100,Muslim,All,Scotland,2019/20,First class honours,165
8101,Muslim,All,Scotland,2019/20,Upper second class honours,330
8102,Muslim,All,Scotland,2019/20,Lower second class honours,115
8103,Muslim,All,Scotland,2019/20,Third class honours/Pass,20
8104,Muslim,All,Scotland,2019/20,Unclassified,230
8105,Muslim,All,Wales,2019/20,First class honours,115
8106,Muslim,All,Wales,2019/20,Upper second class honours,300
8107,Muslim,All,Wales,2019/20,Lower second class honours,140
8108,Muslim,All,Wales,2019/20,Third class honours/Pass,20
8109,Muslim,All,Wales,2019/20,Unclassified,25
8110,Muslim,All,All,2018/19,First class honours,4925
8111,Muslim,All,All,2018/19,Upper second class honours,11545
8112,Muslim,All,All,2018/19,Lower second class honours,7010
8113,Muslim,All,All,2018/19,Third class honours/Pass,1765
8114,Muslim,All,All,2018/19,Unclassified,1275
8115,Muslim,All,All,2019/20,First class honours,7180
8116,Muslim,All,All,2019/20,Upper second class honours,12440
8117,Muslim,All,All,2019/20,Lower second class honours,5750
8118,Muslim,All,All,2019/20,Third class honours/Pass,1340
8119,Muslim,All,All,2019/20,Unclassified,1420
8120,Muslim,Full-time,All,2018/19,First class honours,4835
8121,Muslim,Full-time,All,2018/19,Upper second class honours,11215
8122,Muslim,Full-time,All,2018/19,Lower second class honours,6525
8123,Muslim,Full-time,All,2018/19,Third class honours/Pass,1450
8124,Muslim,Full-time,All,2018/19,Unclassified,1170
8125,Muslim,Full-time,All,2019/20,First class honours,7070
8126,Muslim,Full-time,All,2019/20,Upper second class honours,12155
8127,Muslim,Full-time,All,2019/20,Lower second class honours,5250
8128,Muslim,Full-time,All,2019/20,Third class honours/Pass,1040
8129,Muslim,Full-time,All,2019/20,Unclassified,1330
8130,Muslim,Part-time,All,2018/19,First class honours,90
8131,Muslim,Part-time,All,2018/19,Upper second class honours,330
8132,Muslim,Part-time,All,2018/19,Lower second class honours,485
8133,Muslim,Part-time,All,2018/19,Third class honours/Pass,315
8134,Muslim,Part-time,All,2018/19,Unclassified,105
8135,Muslim,Part-time,All,2019/20,First class honours,110
8136,Muslim,Part-time,All,2019/20,Upper second class honours,290
8137,Muslim,Part-time,All,2019/20,Lower second class honours,500
8138,Muslim,Part-time,All,2019/20,Third class honours/Pass,300
8139,Muslim,Part-time,All,2019/20,Unclassified,90
8140,Sikh,Full-time,England,2018/19,First class honours,795
8141,Sikh,Full-time,England,2018/19,Upper second class honours,1510
8142,Sikh,Full-time,England,2018/19,Lower second class honours,615
8143,Sikh,Full-time,England,2018/19,Third class honours/Pass,115
8144,Sikh,Full-time,England,2018/19,Unclassified,150
8145,Sikh,Part-time,England,2018/19,First class honours,20
8146,Sikh,Part-time,England,2018/19,Upper second class honours,45
8147,Sikh,Part-time,England,2018/19,Lower second class honours,45
8148,Sikh,Part-time,England,2018/19,Third class honours/Pass,30
8149,Sikh,Part-time,England,2018/19,Unclassified,5
8150,Sikh,Full-time,Northern Ireland,2018/19,First class honours,0
8151,Sikh,Full-time,Northern Ireland,2018/19,Upper second class honours,0
8152,Sikh,Full-time,Northern Ireland,2018/19,Lower second class honours,0
8153,Sikh,Full-time,Northern Ireland,2018/19,Third class honours/Pass,0
8154,Sikh,Full-time,Northern Ireland,2018/19,Unclassified,0
8155,Sikh,Full-time,Scotland,2018/19,First class honours,5
8156,Sikh,Full-time,Scotland,2018/19,Upper second class honours,25
8157,Sikh,Full-time,Scotland,2018/19,Lower second class honours,10
8158,Sikh,Full-time,Scotland,2018/19,Third class honours/Pass,0
8159,Sikh,Full-time,Scotland,2018/19,Unclassified,5
8160,Sikh,Part-time,Scotland,2018/19,First class honours,0
8161,Sikh,Part-time,Scotland,2018/19,Upper second class honours,0
8162,Sikh,Part-time,Scotland,2018/19,Lower second class honours,0
8163,Sikh,Part-time,Scotland,2018/19,Third class honours/Pass,0
8164,Sikh,Part-time,Scotland,2018/19,Unclassified,0
8165,Sikh,Full-time,Wales,2018/19,First class honours,10
8166,Sikh,Full-time,Wales,2018/19,Upper second class honours,20
8167,Sikh,Full-time,Wales,2018/19,Lower second class honours,10
8168,Sikh,Full-time,Wales,2018/19,Third class honours/Pass,5
8169,Sikh,Full-time,Wales,2018/19,Unclassified,5
8170,Sikh,Part-time,Wales,2018/19,First class honours,0
8171,Sikh,Part-time,Wales,2018/19,Upper second class honours,0
8172,Sikh,Part-time,Wales,2018/19,Lower second class honours,0
8173,Sikh,Part-time,Wales,2018/19,Third class honours/Pass,0
8174,Sikh,Part-time,Wales,2018/19,Unclassified,0
8175,Sikh,Full-time,England,2019/20,First class honours,975
8176,Sikh,Full-time,England,2019/20,Upper second class honours,1570
8177,Sikh,Full-time,England,2019/20,Lower second class honours,490
8178,Sikh,Full-time,England,2019/20,Third class honours/Pass,65
8179,Sikh,Full-time,England,2019/20,Unclassified,200
8180,Sikh,Part-time,England,2019/20,First class honours,15
8181,Sikh,Part-time,England,2019/20,Upper second class honours,35
8182,Sikh,Part-time,England,2019/20,Lower second class honours,35
8183,Sikh,Part-time,England,2019/20,Third class honours/Pass,25
8184,Sikh,Part-time,England,2019/20,Unclassified,10
8185,Sikh,Part-time,Northern Ireland,2019/20,First class honours,0
8186,Sikh,Part-time,Northern Ireland,2019/20,Upper second class honours,0
8187,Sikh,Part-time,Northern Ireland,2019/20,Lower second class honours,0
8188,Sikh,Part-time,Northern Ireland,2019/20,Third class honours/Pass,0
8189,Sikh,Part-time,Northern Ireland,2019/20,Unclassified,0
8190,Sikh,Full-time,Scotland,2019/20,First class honours,15
8191,Sikh,Full-time,Scotland,2019/20,Upper second class honours,30
8192,Sikh,Full-time,Scotland,2019/20,Lower second class honours,5
8193,Sikh,Full-time,Scotland,2019/20,Third class honours/Pass,0
8194,Sikh,Full-time,Scotland,2019/20,Unclassified,20
8195,Sikh,Part-time,Scotland,2019/20,First class honours,0
8196,Sikh,Part-time,Scotland,2019/20,Upper second class honours,0
8197,Sikh,Part-time,Scotland,2019/20,Lower second class honours,0
8198,Sikh,Part-time,Scotland,2019/20,Third class honours/Pass,0
8199,Sikh,Part-time,Scotland,2019/20,Unclassified,0
8200,Sikh,Full-time,Wales,2019/20,First class honours,10
8201,Sikh,Full-time,Wales,2019/20,Upper second class honours,25
8202,Sikh,Full-time,Wales,2019/20,Lower second class honours,15
8203,Sikh,Full-time,Wales,2019/20,Third class honours/Pass,0
8204,Sikh,Full-time,Wales,2019/20,Unclassified,5
8205,Sikh,All,England,2018/19,First class honours,815
8206,Sikh,All,England,2018/19,Upper second class honours,1550
8207,Sikh,All,England,2018/19,Lower second class honours,665
8208,Sikh,All,England,2018/19,Third class honours/Pass,140
8209,Sikh,All,England,2018/19,Unclassified,150
8210,Sikh,All,Northern Ireland,2018/19,First class honours,0
8211,Sikh,All,Northern Ireland,2018/19,Upper second class honours,0
8212,Sikh,All,Northern Ireland,2018/19,Lower second class honours,0
8213,Sikh,All,Northern Ireland,2018/19,Third class honours/Pass,0
8214,Sikh,All,Northern Ireland,2018/19,Unclassified,0
8215,Sikh,All,Scotland,2018/19,First class honours,5
8216,Sikh,All,Scotland,2018/19,Upper second class honours,25
8217,Sikh,All,Scotland,2018/19,Lower second class honours,10
8218,Sikh,All,Scotland,2018/19,Third class honours/Pass,0
8219,Sikh,All,Scotland,2018/19,Unclassified,10
8220,Sikh,All,Wales,2018/19,First class honours,10
8221,Sikh,All,Wales,2018/19,Upper second class honours,20
8222,Sikh,All,Wales,2018/19,Lower second class honours,10
8223,Sikh,All,Wales,2018/19,Third class honours/Pass,5
8224,Sikh,All,Wales,2018/19,Unclassified,5
8225,Sikh,All,England,2019/20,First class honours,990
8226,Sikh,All,England,2019/20,Upper second class honours,1600
8227,Sikh,All,England,2019/20,Lower second class honours,530
8228,Sikh,All,England,2019/20,Third class honours/Pass,90
8229,Sikh,All,England,2019/20,Unclassified,210
8230,Sikh,All,Northern Ireland,2019/20,First class honours,0
8231,Sikh,All,Northern Ireland,2019/20,Upper second class honours,0
8232,Sikh,All,Northern Ireland,2019/20,Lower second class honours,0
8233,Sikh,All,Northern Ireland,2019/20,Third class honours/Pass,0
8234,Sikh,All,Northern Ireland,2019/20,Unclassified,0
8235,Sikh,All,Scotland,2019/20,First class honours,15
8236,Sikh,All,Scotland,2019/20,Upper second class honours,30
8237,Sikh,All,Scotland,2019/20,Lower second class honours,5
8238,Sikh,All,Scotland,2019/20,Third class honours/Pass,0
8239,Sikh,All,Scotland,2019/20,Unclassified,20
8240,Sikh,All,Wales,2019/20,First class honours,10
8241,Sikh,All,Wales,2019/20,Upper second class honours,25
8242,Sikh,All,Wales,2019/20,Lower second class honours,15
8243,Sikh,All,Wales,2019/20,Third class honours/Pass,0
8244,Sikh,All,Wales,2019/20,Unclassified,5
8245,Sikh,All,All,2018/19,First class honours,825
8246,Sikh,All,All,2018/19,Upper second class honours,1600
8247,Sikh,All,All,2018/19,Lower second class honours,685
8248,Sikh,All,All,2018/19,Third class honours/Pass,145
8249,Sikh,All,All,2018/19,Unclassified,160
8250,Sikh,All,All,2019/20,First class honours,1010
8251,Sikh,All,All,2019/20,Upper second class honours,1655
8252,Sikh,All,All,2019/20,Lower second class honours,550
8253,Sikh,All,All,2019/20,Third class honours/Pass,90
8254,Sikh,All,All,2019/20,Unclassified,235
8255,Sikh,Full-time,All,2018/19,First class honours,805
8256,Sikh,Full-time,All,2018/19,Upper second class honours,1560
8257,Sikh,Full-time,All,2018/19,Lower second class honours,640
8258,Sikh,Full-time,All,2018/19,Third class honours/Pass,120
8259,Sikh,Full-time,All,2018/19,Unclassified,155
8260,Sikh,Full-time,All,2019/20,First class honours,1000
8261,Sikh,Full-time,All,2019/20,Upper second class honours,1620
8262,Sikh,Full-time,All,2019/20,Lower second class honours,515
8263,Sikh,Full-time,All,2019/20,Third class honours/Pass,65
8264,Sikh,Full-time,All,2019/20,Unclassified,225
8265,Sikh,Part-time,All,2018/19,First class honours,20
8266,Sikh,Part-time,All,2018/19,Upper second class honours,45
8267,Sikh,Part-time,All,2018/19,Lower second class honours,50
8268,Sikh,Part-time,All,2018/19,Third class honours/Pass,30
8269,Sikh,Part-time,All,2018/19,Unclassified,5
8270,Sikh,Part-time,All,2019/20,First class honours,15
8271,Sikh,Part-time,All,2019/20,Upper second class honours,35
8272,Sikh,Part-time,All,2019/20,Lower second class honours,35
8273,Sikh,Part-time,All,2019/20,Third class honours/Pass,25
8274,Sikh,Part-time,All,2019/20,Unclassified,10
8275,Spiritual,Full-time,England,2018/19,First class honours,870
8276,Spiritual,Full-time,England,2018/19,Upper second class honours,1555
8277,Spiritual,Full-time,England,2018/19,Lower second class honours,540
8278,Spiritual,Full-time,England,2018/19,Third class honours/Pass,110
8279,Spiritual,Full-time,England,2018/19,Unclassified,65
8280,Spiritual,Part-time,England,2018/19,First class honours,60
8281,Spiritual,Part-time,England,2018/19,Upper second class honours,100
8282,Spiritual,Part-time,England,2018/19,Lower second class honours,65
8283,Spiritual,Part-time,England,2018/19,Third class honours/Pass,40
8284,Spiritual,Part-time,England,2018/19,Unclassified,15
8285,Spiritual,Full-time,Northern Ireland,2018/19,First class honours,0
8286,Spiritual,Full-time,Northern Ireland,2018/19,Upper second class honours,5
8287,Spiritual,Full-time,Northern Ireland,2018/19,Lower second class honours,0
8288,Spiritual,Full-time,Northern Ireland,2018/19,Third class honours/Pass,0
8289,Spiritual,Full-time,Northern Ireland,2018/19,Unclassified,0
8290,Spiritual,Part-time,Northern Ireland,2018/19,First class honours,0
8291,Spiritual,Part-time,Northern Ireland,2018/19,Upper second class honours,0
8292,Spiritual,Part-time,Northern Ireland,2018/19,Lower second class honours,0
8293,Spiritual,Part-time,Northern Ireland,2018/19,Third class honours/Pass,0
8294,Spiritual,Part-time,Northern Ireland,2018/19,Unclassified,0
8295,Spiritual,Full-time,Scotland,2018/19,First class honours,55
8296,Spiritual,Full-time,Scotland,2018/19,Upper second class honours,95
8297,Spiritual,Full-time,Scotland,2018/19,Lower second class honours,35
8298,Spiritual,Full-time,Scotland,2018/19,Third class honours/Pass,5
8299,Spiritual,Full-time,Scotland,2018/19,Unclassified,65
8300,Spiritual,Part-time,Scotland,2018/19,First class honours,5
8301,Spiritual,Part-time,Scotland,2018/19,Upper second class honours,10
8302,Spiritual,Part-time,Scotland,2018/19,Lower second class honours,5
8303,Spiritual,Part-time,Scotland,2018/19,Third class honours/Pass,0
8304,Spiritual,Part-time,Scotland,2018/19,Unclassified,5
8305,Spiritual,Full-time,Wales,2018/19,First class honours,60
8306,Spiritual,Full-time,Wales,2018/19,Upper second class honours,100
8307,Spiritual,Full-time,Wales,2018/19,Lower second class honours,40
8308,Spiritual,Full-time,Wales,2018/19,Third class honours/Pass,5
8309,Spiritual,Full-time,Wales,2018/19,Unclassified,10
8310,Spiritual,Part-time,Wales,2018/19,First class honours,5
8311,Spiritual,Part-time,Wales,2018/19,Upper second class honours,5
8312,Spiritual,Part-time,Wales,2018/19,Lower second class honours,5
8313,Spiritual,Part-time,Wales,2018/19,Third class honours/Pass,0
8314,Spiritual,Part-time,Wales,2018/19,Unclassified,0
8315,Spiritual,Full-time,England,2019/20,First class honours,1125
8316,Spiritual,Full-time,England,2019/20,Upper second class honours,1605
8317,Spiritual,Full-time,England,2019/20,Lower second class honours,400
8318,Spiritual,Full-time,England,2019/20,Third class honours/Pass,75
8319,Spiritual,Full-time,England,2019/20,Unclassified,85
8320,Spiritual,Part-time,England,2019/20,First class honours,35
8321,Spiritual,Part-time,England,2019/20,Upper second class honours,65
8322,Spiritual,Part-time,England,2019/20,Lower second class honours,50
8323,Spiritual,Part-time,England,2019/20,Third class honours/Pass,15
8324,Spiritual,Part-time,England,2019/20,Unclassified,10
8325,Spiritual,Full-time,Northern Ireland,2019/20,First class honours,5
8326,Spiritual,Full-time,Northern Ireland,2019/20,Upper second class honours,5
8327,Spiritual,Full-time,Northern Ireland,2019/20,Lower second class honours,5
8328,Spiritual,Full-time,Northern Ireland,2019/20,Third class honours/Pass,0
8329,Spiritual,Full-time,Northern Ireland,2019/20,Unclassified,0
8330,Spiritual,Part-time,Northern Ireland,2019/20,First class honours,0
8331,Spiritual,Part-time,Northern Ireland,2019/20,Upper second class honours,0
8332,Spiritual,Part-time,Northern Ireland,2019/20,Lower second class honours,0
8333,Spiritual,Part-time,Northern Ireland,2019/20,Third class honours/Pass,0
8334,Spiritual,Part-time,Northern Ireland,2019/20,Unclassified,0
8335,Spiritual,Full-time,Scotland,2019/20,First class honours,90
8336,Spiritual,Full-time,Scotland,2019/20,Upper second class honours,115
8337,Spiritual,Full-time,Scotland,2019/20,Lower second class honours,20
8338,Spiritual,Full-time,Scotland,2019/20,Third class honours/Pass,5
8339,Spiritual,Full-time,Scotland,2019/20,Unclassified,45
8340,Spiritual,Part-time,Scotland,2019/20,First class honours,0
8341,Spiritual,Part-time,Scotland,2019/20,Upper second class honours,0
8342,Spiritual,Part-time,Scotland,2019/20,Lower second class honours,0
8343,Spiritual,Part-time,Scotland,2019/20,Third class honours/Pass,5
8344,Spiritual,Part-time,Scotland,2019/20,Unclassified,10
8345,Spiritual,Full-time,Wales,2019/20,First class honours,90
8346,Spiritual,Full-time,Wales,2019/20,Upper second class honours,120
8347,Spiritual,Full-time,Wales,2019/20,Lower second class honours,30
8348,Spiritual,Full-time,Wales,2019/20,Third class honours/Pass,0
8349,Spiritual,Full-time,Wales,2019/20,Unclassified,10
8350,Spiritual,Part-time,Wales,2019/20,First class honours,5
8351,Spiritual,Part-time,Wales,2019/20,Upper second class honours,5
8352,Spiritual,Part-time,Wales,2019/20,Lower second class honours,0
8353,Spiritual,Part-time,Wales,2019/20,Third class honours/Pass,0
8354,Spiritual,Part-time,Wales,2019/20,Unclassified,0
8355,Spiritual,All,England,2018/19,First class honours,930
8356,Spiritual,All,England,2018/19,Upper second class honours,1655
8357,Spiritual,All,England,2018/19,Lower second class honours,605
8358,Spiritual,All,England,2018/19,Third class honours/Pass,145
8359,Spiritual,All,England,2018/19,Unclassified,80
8360,Spiritual,All,Northern Ireland,2018/19,First class honours,5
8361,Spiritual,All,Northern Ireland,2018/19,Upper second class honours,5
8362,Spiritual,All,Northern Ireland,2018/19,Lower second class honours,0
8363,Spiritual,All,Northern Ireland,2018/19,Third class honours/Pass,0
8364,Spiritual,All,Northern Ireland,2018/19,Unclassified,0
8365,Spiritual,All,Scotland,2018/19,First class honours,60
8366,Spiritual,All,Scotland,2018/19,Upper second class honours,105
8367,Spiritual,All,Scotland,2018/19,Lower second class honours,35
8368,Spiritual,All,Scotland,2018/19,Third class honours/Pass,5
8369,Spiritual,All,Scotland,2018/19,Unclassified,75
8370,Spiritual,All,Wales,2018/19,First class honours,60
8371,Spiritual,All,Wales,2018/19,Upper second class honours,110
8372,Spiritual,All,Wales,2018/19,Lower second class honours,45
8373,Spiritual,All,Wales,2018/19,Third class honours/Pass,5
8374,Spiritual,All,Wales,2018/19,Unclassified,10
8375,Spiritual,All,England,2019/20,First class honours,1165
8376,Spiritual,All,England,2019/20,Upper second class honours,1665
8377,Spiritual,All,England,2019/20,Lower second class honours,450
8378,Spiritual,All,England,2019/20,Third class honours/Pass,90
8379,Spiritual,All,England,2019/20,Unclassified,95
8380,Spiritual,All,Northern Ireland,2019/20,First class honours,5
8381,Spiritual,All,Northern Ireland,2019/20,Upper second class honours,5
8382,Spiritual,All,Northern Ireland,2019/20,Lower second class honours,5
8383,Spiritual,All,Northern Ireland,2019/20,Third class honours/Pass,0
8384,Spiritual,All,Northern Ireland,2019/20,Unclassified,0
8385,Spiritual,All,Scotland,2019/20,First class honours,90
8386,Spiritual,All,Scotland,2019/20,Upper second class honours,115
8387,Spiritual,All,Scotland,2019/20,Lower second class honours,20
8388,Spiritual,All,Scotland,2019/20,Third class honours/Pass,10
8389,Spiritual,All,Scotland,2019/20,Unclassified,60
8390,Spiritual,All,Wales,2019/20,First class honours,95
8391,Spiritual,All,Wales,2019/20,Upper second class honours,125
8392,Spiritual,All,Wales,2019/20,Lower second class honours,30
8393,Spiritual,All,Wales,2019/20,Third class honours/Pass,5
8394,Spiritual,All,Wales,2019/20,Unclassified,10
8395,Spiritual,All,All,2018/19,First class honours,1055
8396,Spiritual,All,All,2018/19,Upper second class honours,1875
8397,Spiritual,All,All,2018/19,Lower second class honours,690
8398,Spiritual,All,All,2018/19,Third class honours/Pass,155
8399,Spiritual,All,All,2018/19,Unclassified,170
8400,Spiritual,All,All,2019/20,First class honours,1355
8401,Spiritual,All,All,2019/20,Upper second class honours,1910
8402,Spiritual,All,All,2019/20,Lower second class honours,510
8403,Spiritual,All,All,2019/20,Third class honours/Pass,100
8404,Spiritual,All,All,2019/20,Unclassified,165
8405,Spiritual,Full-time,All,2018/19,First class honours,985
8406,Spiritual,Full-time,All,2018/19,Upper second class honours,1760
8407,Spiritual,Full-time,All,2018/19,Lower second class honours,615
8408,Spiritual,Full-time,All,2018/19,Third class honours/Pass,115
8409,Spiritual,Full-time,All,2018/19,Unclassified,145
8410,Spiritual,Full-time,All,2019/20,First class honours,1315
8411,Spiritual,Full-time,All,2019/20,Upper second class honours,1840
8412,Spiritual,Full-time,All,2019/20,Lower second class honours,450
8413,Spiritual,Full-time,All,2019/20,Third class honours/Pass,80
8414,Spiritual,Full-time,All,2019/20,Unclassified,140
8415,Spiritual,Part-time,All,2018/19,First class honours,70
8416,Spiritual,Part-time,All,2018/19,Upper second class honours,120
8417,Spiritual,Part-time,All,2018/19,Lower second class honours,75
8418,Spiritual,Part-time,All,2018/19,Third class honours/Pass,40
8419,Spiritual,Part-time,All,2018/19,Unclassified,20
8420,Spiritual,Part-time,All,2019/20,First class honours,40
8421,Spiritual,Part-time,All,2019/20,Upper second class honours,70
8422,Spiritual,Part-time,All,2019/20,Lower second class honours,55
8423,Spiritual,Part-time,All,2019/20,Third class honours/Pass,20
8424,Spiritual,Part-time,All,2019/20,Unclassified,25
8425,Any other religion or belief,Full-time,England,2018/19,First class honours,1090
8426,Any other religion or belief,Full-time,England,2018/19,Upper second class honours,1845
8427,Any other religion or belief,Full-time,England,2018/19,Lower second class honours,655
8428,Any other religion or belief,Full-time,England,2018/19,Third class honours/Pass,140
8429,Any other religion or belief,Full-time,England,2018/19,Unclassified,110
8430,Any other religion or belief,Part-time,England,2018/19,First class honours,45
8431,Any other religion or belief,Part-time,England,2018/19,Upper second class honours,115
8432,Any other religion or belief,Part-time,England,2018/19,Lower second class honours,95
8433,Any other religion or belief,Part-time,England,2018/19,Third class honours/Pass,75
8434,Any other religion or belief,Part-time,England,2018/19,Unclassified,15
8435,Any other religion or belief,Full-time,Northern Ireland,2018/19,First class honours,0
8436,Any other religion or belief,Full-time,Northern Ireland,2018/19,Upper second class honours,5
8437,Any other religion or belief,Full-time,Northern Ireland,2018/19,Lower second class honours,0
8438,Any other religion or belief,Full-time,Northern Ireland,2018/19,Third class honours/Pass,0
8439,Any other religion or belief,Full-time,Northern Ireland,2018/19,Unclassified,0
8440,Any other religion or belief,Part-time,Northern Ireland,2018/19,First class honours,0
8441,Any other religion or belief,Part-time,Northern Ireland,2018/19,Upper second class honours,0
8442,Any other religion or belief,Part-time,Northern Ireland,2018/19,Lower second class honours,5
8443,Any other religion or belief,Part-time,Northern Ireland,2018/19,Third class honours/Pass,0
8444,Any other religion or belief,Part-time,Northern Ireland,2018/19,Unclassified,0
8445,Any other religion or belief,Full-time,Scotland,2018/19,First class honours,55
8446,Any other religion or belief,Full-time,Scotland,2018/19,Upper second class honours,85
8447,Any other religion or belief,Full-time,Scotland,2018/19,Lower second class honours,30
8448,Any other religion or belief,Full-time,Scotland,2018/19,Third class honours/Pass,10
8449,Any other religion or belief,Full-time,Scotland,2018/19,Unclassified,75
8450,Any other religion or belief,Part-time,Scotland,2018/19,First class honours,0
8451,Any other religion or belief,Part-time,Scotland,2018/19,Upper second class honours,10
8452,Any other religion or belief,Part-time,Scotland,2018/19,Lower second class honours,5
8453,Any other religion or belief,Part-time,Scotland,2018/19,Third class honours/Pass,0
8454,Any other religion or belief,Part-time,Scotland,2018/19,Unclassified,5
8455,Any other religion or belief,Full-time,Wales,2018/19,First class honours,55
8456,Any other religion or belief,Full-time,Wales,2018/19,Upper second class honours,105
8457,Any other religion or belief,Full-time,Wales,2018/19,Lower second class honours,70
8458,Any other religion or belief,Full-time,Wales,2018/19,Third class honours/Pass,5
8459,Any other religion or belief,Full-time,Wales,2018/19,Unclassified,5
8460,Any other religion or belief,Part-time,Wales,2018/19,First class honours,10
8461,Any other religion or belief,Part-time,Wales,2018/19,Upper second class honours,10
8462,Any other religion or belief,Part-time,Wales,2018/19,Lower second class honours,0
8463,Any other religion or belief,Part-time,Wales,2018/19,Third class honours/Pass,0
8464,Any other religion or belief,Part-time,Wales,2018/19,Unclassified,0
8465,Any other religion or belief,Full-time,England,2019/20,First class honours,1400
8466,Any other religion or belief,Full-time,England,2019/20,Upper second class honours,1780
8467,Any other religion or belief,Full-time,England,2019/20,Lower second class honours,515
8468,Any other religion or belief,Full-time,England,2019/20,Third class honours/Pass,100
8469,Any other religion or belief,Full-time,England,2019/20,Unclassified,110
8470,Any other religion or belief,Part-time,England,2019/20,First class honours,70
8471,Any other religion or belief,Part-time,England,2019/20,Upper second class honours,95
8472,Any other religion or belief,Part-time,England,2019/20,Lower second class honours,70
8473,Any other religion or belief,Part-time,England,2019/20,Third class honours/Pass,35
8474,Any other religion or belief,Part-time,England,2019/20,Unclassified,10
8475,Any other religion or belief,Full-time,Northern Ireland,2019/20,First class honours,0
8476,Any other religion or belief,Full-time,Northern Ireland,2019/20,Upper second class honours,10
8477,Any other religion or belief,Full-time,Northern Ireland,2019/20,Lower second class honours,0
8478,Any other religion or belief,Full-time,Northern Ireland,2019/20,Third class honours/Pass,0
8479,Any other religion or belief,Full-time,Northern Ireland,2019/20,Unclassified,0
8480,Any other religion or belief,Part-time,Northern Ireland,2019/20,First class honours,0
8481,Any other religion or belief,Part-time,Northern Ireland,2019/20,Upper second class honours,0
8482,Any other religion or belief,Part-time,Northern Ireland,2019/20,Lower second class honours,0
8483,Any other religion or belief,Part-time,Northern Ireland,2019/20,Third class honours/Pass,0
8484,Any other religion or belief,Part-time,Northern Ireland,2019/20,Unclassified,0
8485,Any other religion or belief,Full-time,Scotland,2019/20,First class honours,60
8486,Any other religion or belief,Full-time,Scotland,2019/20,Upper second class honours,90
8487,Any other religion or belief,Full-time,Scotland,2019/20,Lower second class honours,30
8488,Any other religion or belief,Full-time,Scotland,2019/20,Third class honours/Pass,10
8489,Any other religion or belief,Full-time,Scotland,2019/20,Unclassified,45
8490,Any other religion or belief,Part-time,Scotland,2019/20,First class honours,0
8491,Any other religion or belief,Part-time,Scotland,2019/20,Upper second class honours,5
8492,Any other religion or belief,Part-time,Scotland,2019/20,Lower second class honours,0
8493,Any other religion or belief,Part-time,Scotland,2019/20,Third class honours/Pass,0
8494,Any other religion or belief,Part-time,Scotland,2019/20,Unclassified,10
8495,Any other religion or belief,Full-time,Wales,2019/20,First class honours,75
8496,Any other religion or belief,Full-time,Wales,2019/20,Upper second class honours,85
8497,Any other religion or belief,Full-time,Wales,2019/20,Lower second class honours,45
8498,Any other religion or belief,Full-time,Wales,2019/20,Third class honours/Pass,5
8499,Any other religion or belief,Full-time,Wales,2019/20,Unclassified,5
8500,Any other religion or belief,Part-time,Wales,2019/20,First class honours,10
8501,Any other religion or belief,Part-time,Wales,2019/20,Upper second class honours,5
8502,Any other religion or belief,Part-time,Wales,2019/20,Lower second class honours,0
8503,Any other religion or belief,Part-time,Wales,2019/20,Third class honours/Pass,0
8504,Any other religion or belief,Part-time,Wales,2019/20,Unclassified,0
8505,Any other religion or belief,All,England,2018/19,First class honours,1135
8506,Any other religion or belief,All,England,2018/19,Upper second class honours,1960
8507,Any other religion or belief,All,England,2018/19,Lower second class honours,750
8508,Any other religion or belief,All,England,2018/19,Third class honours/Pass,215
8509,Any other religion or belief,All,England,2018/19,Unclassified,120
8510,Any other religion or belief,All,Northern Ireland,2018/19,First class honours,0
8511,Any other religion or belief,All,Northern Ireland,2018/19,Upper second class honours,5
8512,Any other religion or belief,All,Northern Ireland,2018/19,Lower second class honours,5
8513,Any other religion or belief,All,Northern Ireland,2018/19,Third class honours/Pass,0
8514,Any other religion or belief,All,Northern Ireland,2018/19,Unclassified,0
8515,Any other religion or belief,All,Scotland,2018/19,First class honours,55
8516,Any other religion or belief,All,Scotland,2018/19,Upper second class honours,90
8517,Any other religion or belief,All,Scotland,2018/19,Lower second class honours,35
8518,Any other religion or belief,All,Scotland,2018/19,Third class honours/Pass,10
8519,Any other religion or belief,All,Scotland,2018/19,Unclassified,80
8520,Any other religion or belief,All,Wales,2018/19,First class honours,65
8521,Any other religion or belief,All,Wales,2018/19,Upper second class honours,110
8522,Any other religion or belief,All,Wales,2018/19,Lower second class honours,70
8523,Any other religion or belief,All,Wales,2018/19,Third class honours/Pass,10
8524,Any other religion or belief,All,Wales,2018/19,Unclassified,5
8525,Any other religion or belief,All,England,2019/20,First class honours,1470
8526,Any other religion or belief,All,England,2019/20,Upper second class honours,1875
8527,Any other religion or belief,All,England,2019/20,Lower second class honours,585
8528,Any other religion or belief,All,England,2019/20,Third class honours/Pass,135
8529,Any other religion or belief,All,England,2019/20,Unclassified,120
8530,Any other religion or belief,All,Northern Ireland,2019/20,First class honours,0
8531,Any other religion or belief,All,Northern Ireland,2019/20,Upper second class honours,10
8532,Any other religion or belief,All,Northern Ireland,2019/20,Lower second class honours,0
8533,Any other religion or belief,All,Northern Ireland,2019/20,Third class honours/Pass,0
8534,Any other religion or belief,All,Northern Ireland,2019/20,Unclassified,0
8535,Any other religion or belief,All,Scotland,2019/20,First class honours,65
8536,Any other religion or belief,All,Scotland,2019/20,Upper second class honours,95
8537,Any other religion or belief,All,Scotland,2019/20,Lower second class honours,30
8538,Any other religion or belief,All,Scotland,2019/20,Third class honours/Pass,10
8539,Any other religion or belief,All,Scotland,2019/20,Unclassified,55
8540,Any other religion or belief,All,Wales,2019/20,First class honours,85
8541,Any other religion or belief,All,Wales,2019/20,Upper second class honours,90
8542,Any other religion or belief,All,Wales,2019/20,Lower second class honours,45
8543,Any other religion or belief,All,Wales,2019/20,Third class honours/Pass,5
8544,Any other religion or belief,All,Wales,2019/20,Unclassified,5
8545,Any other religion or belief,All,All,2018/19,First class honours,1250
8546,Any other religion or belief,All,All,2018/19,Upper second class honours,2170
8547,Any other religion or belief,All,All,2018/19,Lower second class honours,860
8548,Any other religion or belief,All,All,2018/19,Third class honours/Pass,235
8549,Any other religion or belief,All,All,2018/19,Unclassified,210
8550,Any other religion or belief,All,All,2019/20,First class honours,1620
8551,Any other religion or belief,All,All,2019/20,Upper second class honours,2070
8552,Any other religion or belief,All,All,2019/20,Lower second class honours,665
8553,Any other religion or belief,All,All,2019/20,Third class honours/Pass,150
8554,Any other religion or belief,All,All,2019/20,Unclassified,175
8555,Any other religion or belief,Full-time,All,2018/19,First class honours,1200
8556,Any other religion or belief,Full-time,All,2018/19,Upper second class honours,2035
8557,Any other religion or belief,Full-time,All,2018/19,Lower second class honours,755
8558,Any other religion or belief,Full-time,All,2018/19,Third class honours/Pass,155
8559,Any other religion or belief,Full-time,All,2018/19,Unclassified,190
8560,Any other religion or belief,Full-time,All,2019/20,First class honours,1535
8561,Any other religion or belief,Full-time,All,2019/20,Upper second class honours,1965
8562,Any other religion or belief,Full-time,All,2019/20,Lower second class honours,590
8563,Any other religion or belief,Full-time,All,2019/20,Third class honours/Pass,115
8564,Any other religion or belief,Full-time,All,2019/20,Unclassified,155
8565,Any other religion or belief,Part-time,All,2018/19,First class honours,55
8566,Any other religion or belief,Part-time,All,2018/19,Upper second class honours,130
8567,Any other religion or belief,Part-time,All,2018/19,Lower second class honours,105
8568,Any other religion or belief,Part-time,All,2018/19,Third class honours/Pass,80
8569,Any other religion or belief,Part-time,All,2018/19,Unclassified,20
8570,Any other religion or belief,Part-time,All,2019/20,First class honours,80
8571,Any other religion or belief,Part-time,All,2019/20,Upper second class honours,105
8572,Any other religion or belief,Part-time,All,2019/20,Lower second class honours,75
8573,Any other religion or belief,Part-time,All,2019/20,Third class honours/Pass,35
8574,Any other religion or belief,Part-time,All,2019/20,Unclassified,20
8575,Not known,Full-time,England,2018/19,First class honours,6860
8576,Not known,Full-time,England,2018/19,Upper second class honours,10625
8577,Not known,Full-time,England,2018/19,Lower second class honours,4105
8578,Not known,Full-time,England,2018/19,Third class honours/Pass,1205
8579,Not known,Full-time,England,2018/19,Unclassified,1455
8580,Not known,Part-time,England,2018/19,First class honours,950
8581,Not known,Part-time,England,2018/19,Upper second class honours,1780
8582,Not known,Part-time,England,2018/19,Lower second class honours,1285
8583,Not known,Part-time,England,2018/19,Third class honours/Pass,830
8584,Not known,Part-time,England,2018/19,Unclassified,445
8585,Not known,Full-time,Northern Ireland,2018/19,First class honours,175
8586,Not known,Full-time,Northern Ireland,2018/19,Upper second class honours,290
8587,Not known,Full-time,Northern Ireland,2018/19,Lower second class honours,65
8588,Not known,Full-time,Northern Ireland,2018/19,Third class honours/Pass,10
8589,Not known,Full-time,Northern Ireland,2018/19,Unclassified,15
8590,Not known,Part-time,Northern Ireland,2018/19,First class honours,25
8591,Not known,Part-time,Northern Ireland,2018/19,Upper second class honours,45
8592,Not known,Part-time,Northern Ireland,2018/19,Lower second class honours,45
8593,Not known,Part-time,Northern Ireland,2018/19,Third class honours/Pass,20
8594,Not known,Part-time,Northern Ireland,2018/19,Unclassified,5
8595,Not known,Full-time,Scotland,2018/19,First class honours,435
8596,Not known,Full-time,Scotland,2018/19,Upper second class honours,750
8597,Not known,Full-time,Scotland,2018/19,Lower second class honours,250
8598,Not known,Full-time,Scotland,2018/19,Third class honours/Pass,35
8599,Not known,Full-time,Scotland,2018/19,Unclassified,680
8600,Not known,Part-time,Scotland,2018/19,First class honours,75
8601,Not known,Part-time,Scotland,2018/19,Upper second class honours,160
8602,Not known,Part-time,Scotland,2018/19,Lower second class honours,90
8603,Not known,Part-time,Scotland,2018/19,Third class honours/Pass,45
8604,Not known,Part-time,Scotland,2018/19,Unclassified,135
8605,Not known,Full-time,Wales,2018/19,First class honours,375
8606,Not known,Full-time,Wales,2018/19,Upper second class honours,560
8607,Not known,Full-time,Wales,2018/19,Lower second class honours,215
8608,Not known,Full-time,Wales,2018/19,Third class honours/Pass,55
8609,Not known,Full-time,Wales,2018/19,Unclassified,65
8610,Not known,Part-time,Wales,2018/19,First class honours,55
8611,Not known,Part-time,Wales,2018/19,Upper second class honours,85
8612,Not known,Part-time,Wales,2018/19,Lower second class honours,60
8613,Not known,Part-time,Wales,2018/19,Third class honours/Pass,35
8614,Not known,Part-time,Wales,2018/19,Unclassified,10
8615,Not known,Full-time,England,2019/20,First class honours,7310
8616,Not known,Full-time,England,2019/20,Upper second class honours,9015
8617,Not known,Full-time,England,2019/20,Lower second class honours,2740
8618,Not known,Full-time,England,2019/20,Third class honours/Pass,535
8619,Not known,Full-time,England,2019/20,Unclassified,950
8620,Not known,Part-time,England,2019/20,First class honours,540
8621,Not known,Part-time,England,2019/20,Upper second class honours,750
8622,Not known,Part-time,England,2019/20,Lower second class honours,620
8623,Not known,Part-time,England,2019/20,Third class honours/Pass,320
8624,Not known,Part-time,England,2019/20,Unclassified,170
8625,Not known,Full-time,Northern Ireland,2019/20,First class honours,70
8626,Not known,Full-time,Northern Ireland,2019/20,Upper second class honours,85
8627,Not known,Full-time,Northern Ireland,2019/20,Lower second class honours,20
8628,Not known,Full-time,Northern Ireland,2019/20,Third class honours/Pass,0
8629,Not known,Full-time,Northern Ireland,2019/20,Unclassified,10
8630,Not known,Part-time,Northern Ireland,2019/20,First class honours,10
8631,Not known,Part-time,Northern Ireland,2019/20,Upper second class honours,5
8632,Not known,Part-time,Northern Ireland,2019/20,Lower second class honours,10
8633,Not known,Part-time,Northern Ireland,2019/20,Third class honours/Pass,5
8634,Not known,Part-time,Northern Ireland,2019/20,Unclassified,0
8635,Not known,Full-time,Scotland,2019/20,First class honours,510
8636,Not known,Full-time,Scotland,2019/20,Upper second class honours,690
8637,Not known,Full-time,Scotland,2019/20,Lower second class honours,165
8638,Not known,Full-time,Scotland,2019/20,Third class honours/Pass,25
8639,Not known,Full-time,Scotland,2019/20,Unclassified,375
8640,Not known,Part-time,Scotland,2019/20,First class honours,25
8641,Not known,Part-time,Scotland,2019/20,Upper second class honours,35
8642,Not known,Part-time,Scotland,2019/20,Lower second class honours,30
8643,Not known,Part-time,Scotland,2019/20,Third class honours/Pass,25
8644,Not known,Part-time,Scotland,2019/20,Unclassified,145
8645,Not known,Full-time,Wales,2019/20,First class honours,490
8646,Not known,Full-time,Wales,2019/20,Upper second class honours,585
8647,Not known,Full-time,Wales,2019/20,Lower second class honours,175
8648,Not known,Full-time,Wales,2019/20,Third class honours/Pass,30
8649,Not known,Full-time,Wales,2019/20,Unclassified,55
8650,Not known,Part-time,Wales,2019/20,First class honours,20
8651,Not known,Part-time,Wales,2019/20,Upper second class honours,30
8652,Not known,Part-time,Wales,2019/20,Lower second class honours,25
8653,Not known,Part-time,Wales,2019/20,Third class honours/Pass,15
8654,Not known,Part-time,Wales,2019/20,Unclassified,5
8655,Not known,All,England,2018/19,First class honours,7810
8656,Not known,All,England,2018/19,Upper second class honours,12405
8657,Not known,All,England,2018/19,Lower second class honours,5395
8658,Not known,All,England,2018/19,Third class honours/Pass,2035
8659,Not known,All,England,2018/19,Unclassified,1905
8660,Not known,All,Northern Ireland,2018/19,First class honours,195
8661,Not known,All,Northern Ireland,2018/19,Upper second class honours,335
8662,Not known,All,Northern Ireland,2018/19,Lower second class honours,110
8663,Not known,All,Northern Ireland,2018/19,Third class honours/Pass,30
8664,Not known,All,Northern Ireland,2018/19,Unclassified,20
8665,Not known,All,Scotland,2018/19,First class honours,510
8666,Not known,All,Scotland,2018/19,Upper second class honours,905
8667,Not known,All,Scotland,2018/19,Lower second class honours,345
8668,Not known,All,Scotland,2018/19,Third class honours/Pass,80
8669,Not known,All,Scotland,2018/19,Unclassified,815
8670,Not known,All,Wales,2018/19,First class honours,425
8671,Not known,All,Wales,2018/19,Upper second class honours,650
8672,Not known,All,Wales,2018/19,Lower second class honours,275
8673,Not known,All,Wales,2018/19,Third class honours/Pass,90
8674,Not known,All,Wales,2018/19,Unclassified,75
8675,Not known,All,England,2019/20,First class honours,7850
8676,Not known,All,England,2019/20,Upper second class honours,9760
8677,Not known,All,England,2019/20,Lower second class honours,3360
8678,Not known,All,England,2019/20,Third class honours/Pass,855
8679,Not known,All,England,2019/20,Unclassified,1125
8680,Not known,All,Northern Ireland,2019/20,First class honours,80
8681,Not known,All,Northern Ireland,2019/20,Upper second class honours,90
8682,Not known,All,Northern Ireland,2019/20,Lower second class honours,30
8683,Not known,All,Northern Ireland,2019/20,Third class honours/Pass,5
8684,Not known,All,Northern Ireland,2019/20,Unclassified,10
8685,Not known,All,Scotland,2019/20,First class honours,530
8686,Not known,All,Scotland,2019/20,Upper second class honours,725
8687,Not known,All,Scotland,2019/20,Lower second class honours,195
8688,Not known,All,Scotland,2019/20,Third class honours/Pass,50
8689,Not known,All,Scotland,2019/20,Unclassified,520
8690,Not known,All,Wales,2019/20,First class honours,510
8691,Not known,All,Wales,2019/20,Upper second class honours,615
8692,Not known,All,Wales,2019/20,Lower second class honours,200
8693,Not known,All,Wales,2019/20,Third class honours/Pass,50
8694,Not known,All,Wales,2019/20,Unclassified,60
8695,Not known,All,All,2018/19,First class honours,8945
8696,Not known,All,All,2018/19,Upper second class honours,14295
8697,Not known,All,All,2018/19,Lower second class honours,6120
8698,Not known,All,All,2018/19,Third class honours/Pass,2235
8699,Not known,All,All,2018/19,Unclassified,2815
8700,Not known,All,All,2019/20,First class honours,8970
8701,Not known,All,All,2019/20,Upper second class honours,11195
8702,Not known,All,All,2019/20,Lower second class honours,3790
8703,Not known,All,All,2019/20,Third class honours/Pass,960
8704,Not known,All,All,2019/20,Unclassified,1710
8705,Not known,Full-time,All,2018/19,First class honours,7845
8706,Not known,Full-time,All,2018/19,Upper second class honours,12225
8707,Not known,Full-time,All,2018/19,Lower second class honours,4640
8708,Not known,Full-time,All,2018/19,Third class honours/Pass,1305
8709,Not known,Full-time,All,2018/19,Unclassified,2215
8710,Not known,Full-time,All,2019/20,First class honours,8380
8711,Not known,Full-time,All,2019/20,Upper second class honours,10375
8712,Not known,Full-time,All,2019/20,Lower second class honours,3100
8713,Not known,Full-time,All,2019/20,Third class honours/Pass,595
8714,Not known,Full-time,All,2019/20,Unclassified,1385
8715,Not known,Part-time,All,2018/19,First class honours,1100
8716,Not known,Part-time,All,2018/19,Upper second class honours,2070
8717,Not known,Part-time,All,2018/19,Lower second class honours,1480
8718,Not known,Part-time,All,2018/19,Third class honours/Pass,930
8719,Not known,Part-time,All,2018/19,Unclassified,595
8720,Not known,Part-time,All,2019/20,First class honours,590
8721,Not known,Part-time,All,2019/20,Upper second class honours,820
8722,Not known,Part-time,All,2019/20,Lower second class honours,685
8723,Not known,Part-time,All,2019/20,Third class honours/Pass,370
8724,Not known,Part-time,All,2019/20,Unclassified,325
