,Category marker,Category,Mode of study,Country of HE provider,Academic year,Classification of first degree,Number
0,Sex,Female,Full-time,England,2014/15,First class honours,31210
1,Sex,Female,Full-time,England,2014/15,Upper second class honours,73215
2,Sex,Female,Full-time,England,2014/15,Lower second class honours,26570
3,Sex,Female,Full-time,England,2014/15,Third class honours/Pass,4620
4,Sex,Female,Full-time,England,2014/15,Unclassified,4825
5,Sex,Female,Part-time,England,2014/15,First class honours,2695
6,Sex,Female,Part-time,England,2014/15,Upper second class honours,6230
7,Sex,Female,Part-time,England,2014/15,Lower second class honours,4950
8,Sex,Female,Part-time,England,2014/15,Third class honours/Pass,2610
9,Sex,Female,Part-time,England,2014/15,Unclassified,1330
10,Sex,Female,Full-time,Northern Ireland,2014/15,First class honours,885
11,Sex,Female,Full-time,Northern Ireland,2014/15,Upper second class honours,2380
12,Sex,Female,Full-time,Northern Ireland,2014/15,Lower second class honours,840
13,Sex,Female,Full-time,Northern Ireland,2014/15,Third class honours/Pass,95
14,Sex,Female,Full-time,Northern Ireland,2014/15,Unclassified,150
15,Sex,Female,Part-time,Northern Ireland,2014/15,First class honours,55
16,Sex,Female,Part-time,Northern Ireland,2014/15,Upper second class honours,220
17,Sex,Female,Part-time,Northern Ireland,2014/15,Lower second class honours,170
18,Sex,Female,Part-time,Northern Ireland,2014/15,Third class honours/Pass,35
19,Sex,Female,Part-time,Northern Ireland,2014/15,Unclassified,15
20,Sex,Female,Full-time,Scotland,2014/15,First class honours,2395
21,Sex,Female,Full-time,Scotland,2014/15,Upper second class honours,6385
22,Sex,Female,Full-time,Scotland,2014/15,Lower second class honours,2070
23,Sex,Female,Full-time,Scotland,2014/15,Third class honours/Pass,260
24,Sex,Female,Full-time,Scotland,2014/15,Unclassified,4705
25,Sex,Female,Part-time,Scotland,2014/15,First class honours,105
26,Sex,Female,Part-time,Scotland,2014/15,Upper second class honours,230
27,Sex,Female,Part-time,Scotland,2014/15,Lower second class honours,170
28,Sex,Female,Part-time,Scotland,2014/15,Third class honours/Pass,85
29,Sex,Female,Part-time,Scotland,2014/15,Unclassified,1225
30,Sex,Female,Full-time,Wales,2014/15,First class honours,2030
31,Sex,Female,Full-time,Wales,2014/15,Upper second class honours,4830
32,Sex,Female,Full-time,Wales,2014/15,Lower second class honours,2180
33,Sex,Female,Full-time,Wales,2014/15,Third class honours/Pass,350
34,Sex,Female,Full-time,Wales,2014/15,Unclassified,290
35,Sex,Female,Part-time,Wales,2014/15,First class honours,140
36,Sex,Female,Part-time,Wales,2014/15,Upper second class honours,265
37,Sex,Female,Part-time,Wales,2014/15,Lower second class honours,230
38,Sex,Female,Part-time,Wales,2014/15,Third class honours/Pass,100
39,Sex,Female,Part-time,Wales,2014/15,Unclassified,75
40,Sex,Female,Full-time,England,2015/16,First class honours,34940
41,Sex,Female,Full-time,England,2015/16,Upper second class honours,75170
42,Sex,Female,Full-time,England,2015/16,Lower second class honours,26535
43,Sex,Female,Full-time,England,2015/16,Third class honours/Pass,4680
44,Sex,Female,Full-time,England,2015/16,Unclassified,4855
45,Sex,Female,Part-time,England,2015/16,First class honours,2450
46,Sex,Female,Part-time,England,2015/16,Upper second class honours,5440
47,Sex,Female,Part-time,England,2015/16,Lower second class honours,4465
48,Sex,Female,Part-time,England,2015/16,Third class honours/Pass,2465
49,Sex,Female,Part-time,England,2015/16,Unclassified,1145
50,Sex,Female,Full-time,Northern Ireland,2015/16,First class honours,1065
51,Sex,Female,Full-time,Northern Ireland,2015/16,Upper second class honours,2490
52,Sex,Female,Full-time,Northern Ireland,2015/16,Lower second class honours,815
53,Sex,Female,Full-time,Northern Ireland,2015/16,Third class honours/Pass,80
54,Sex,Female,Full-time,Northern Ireland,2015/16,Unclassified,155
55,Sex,Female,Part-time,Northern Ireland,2015/16,First class honours,65
56,Sex,Female,Part-time,Northern Ireland,2015/16,Upper second class honours,220
57,Sex,Female,Part-time,Northern Ireland,2015/16,Lower second class honours,115
58,Sex,Female,Part-time,Northern Ireland,2015/16,Third class honours/Pass,40
59,Sex,Female,Part-time,Northern Ireland,2015/16,Unclassified,20
60,Sex,Female,Full-time,Scotland,2015/16,First class honours,2750
61,Sex,Female,Full-time,Scotland,2015/16,Upper second class honours,6775
62,Sex,Female,Full-time,Scotland,2015/16,Lower second class honours,2015
63,Sex,Female,Full-time,Scotland,2015/16,Third class honours/Pass,260
64,Sex,Female,Full-time,Scotland,2015/16,Unclassified,4670
65,Sex,Female,Part-time,Scotland,2015/16,First class honours,105
66,Sex,Female,Part-time,Scotland,2015/16,Upper second class honours,255
67,Sex,Female,Part-time,Scotland,2015/16,Lower second class honours,185
68,Sex,Female,Part-time,Scotland,2015/16,Third class honours/Pass,100
69,Sex,Female,Part-time,Scotland,2015/16,Unclassified,910
70,Sex,Female,Full-time,Wales,2015/16,First class honours,2220
71,Sex,Female,Full-time,Wales,2015/16,Upper second class honours,4765
72,Sex,Female,Full-time,Wales,2015/16,Lower second class honours,1875
73,Sex,Female,Full-time,Wales,2015/16,Third class honours/Pass,285
74,Sex,Female,Full-time,Wales,2015/16,Unclassified,235
75,Sex,Female,Part-time,Wales,2015/16,First class honours,115
76,Sex,Female,Part-time,Wales,2015/16,Upper second class honours,220
77,Sex,Female,Part-time,Wales,2015/16,Lower second class honours,145
78,Sex,Female,Part-time,Wales,2015/16,Third class honours/Pass,60
79,Sex,Female,Part-time,Wales,2015/16,Unclassified,60
80,Sex,Female,Full-time,England,2016/17,First class honours,40380
81,Sex,Female,Full-time,England,2016/17,Upper second class honours,76770
82,Sex,Female,Full-time,England,2016/17,Lower second class honours,25590
83,Sex,Female,Full-time,England,2016/17,Third class honours/Pass,4975
84,Sex,Female,Full-time,England,2016/17,Unclassified,4515
85,Sex,Female,Part-time,England,2016/17,First class honours,2535
86,Sex,Female,Part-time,England,2016/17,Upper second class honours,5185
87,Sex,Female,Part-time,England,2016/17,Lower second class honours,4260
88,Sex,Female,Part-time,England,2016/17,Third class honours/Pass,2440
89,Sex,Female,Part-time,England,2016/17,Unclassified,1030
90,Sex,Female,Full-time,Northern Ireland,2016/17,First class honours,1110
91,Sex,Female,Full-time,Northern Ireland,2016/17,Upper second class honours,2530
92,Sex,Female,Full-time,Northern Ireland,2016/17,Lower second class honours,810
93,Sex,Female,Full-time,Northern Ireland,2016/17,Third class honours/Pass,55
94,Sex,Female,Full-time,Northern Ireland,2016/17,Unclassified,150
95,Sex,Female,Part-time,Northern Ireland,2016/17,First class honours,60
96,Sex,Female,Part-time,Northern Ireland,2016/17,Upper second class honours,215
97,Sex,Female,Part-time,Northern Ireland,2016/17,Lower second class honours,125
98,Sex,Female,Part-time,Northern Ireland,2016/17,Third class honours/Pass,40
99,Sex,Female,Part-time,Northern Ireland,2016/17,Unclassified,15
100,Sex,Female,Full-time,Scotland,2016/17,First class honours,2865
101,Sex,Female,Full-time,Scotland,2016/17,Upper second class honours,6960
102,Sex,Female,Full-time,Scotland,2016/17,Lower second class honours,1885
103,Sex,Female,Full-time,Scotland,2016/17,Third class honours/Pass,300
104,Sex,Female,Full-time,Scotland,2016/17,Unclassified,4830
105,Sex,Female,Part-time,Scotland,2016/17,First class honours,115
106,Sex,Female,Part-time,Scotland,2016/17,Upper second class honours,285
107,Sex,Female,Part-time,Scotland,2016/17,Lower second class honours,210
108,Sex,Female,Part-time,Scotland,2016/17,Third class honours/Pass,100
109,Sex,Female,Part-time,Scotland,2016/17,Unclassified,820
110,Sex,Female,Full-time,Wales,2016/17,First class honours,2605
111,Sex,Female,Full-time,Wales,2016/17,Upper second class honours,4885
112,Sex,Female,Full-time,Wales,2016/17,Lower second class honours,1815
113,Sex,Female,Full-time,Wales,2016/17,Third class honours/Pass,300
114,Sex,Female,Full-time,Wales,2016/17,Unclassified,275
115,Sex,Female,Part-time,Wales,2016/17,First class honours,120
116,Sex,Female,Part-time,Wales,2016/17,Upper second class honours,215
117,Sex,Female,Part-time,Wales,2016/17,Lower second class honours,150
118,Sex,Female,Part-time,Wales,2016/17,Third class honours/Pass,65
119,Sex,Female,Part-time,Wales,2016/17,Unclassified,45
120,Sex,Female,Full-time,England,2017/18,First class honours,45115
121,Sex,Female,Full-time,England,2017/18,Upper second class honours,77775
122,Sex,Female,Full-time,England,2017/18,Lower second class honours,25260
123,Sex,Female,Full-time,England,2017/18,Third class honours/Pass,4690
124,Sex,Female,Full-time,England,2017/18,Unclassified,4590
125,Sex,Female,Part-time,England,2017/18,First class honours,2200
126,Sex,Female,Part-time,England,2017/18,Upper second class honours,4155
127,Sex,Female,Part-time,England,2017/18,Lower second class honours,3505
128,Sex,Female,Part-time,England,2017/18,Third class honours/Pass,2205
129,Sex,Female,Part-time,England,2017/18,Unclassified,760
130,Sex,Female,Full-time,Northern Ireland,2017/18,First class honours,1245
131,Sex,Female,Full-time,Northern Ireland,2017/18,Upper second class honours,2325
132,Sex,Female,Full-time,Northern Ireland,2017/18,Lower second class honours,670
133,Sex,Female,Full-time,Northern Ireland,2017/18,Third class honours/Pass,55
134,Sex,Female,Full-time,Northern Ireland,2017/18,Unclassified,135
135,Sex,Female,Part-time,Northern Ireland,2017/18,First class honours,90
136,Sex,Female,Part-time,Northern Ireland,2017/18,Upper second class honours,170
137,Sex,Female,Part-time,Northern Ireland,2017/18,Lower second class honours,130
138,Sex,Female,Part-time,Northern Ireland,2017/18,Third class honours/Pass,35
139,Sex,Female,Part-time,Northern Ireland,2017/18,Unclassified,5
140,Sex,Female,Full-time,Scotland,2017/18,First class honours,3155
141,Sex,Female,Full-time,Scotland,2017/18,Upper second class honours,7075
142,Sex,Female,Full-time,Scotland,2017/18,Lower second class honours,1880
143,Sex,Female,Full-time,Scotland,2017/18,Third class honours/Pass,280
144,Sex,Female,Full-time,Scotland,2017/18,Unclassified,4885
145,Sex,Female,Part-time,Scotland,2017/18,First class honours,110
146,Sex,Female,Part-time,Scotland,2017/18,Upper second class honours,220
147,Sex,Female,Part-time,Scotland,2017/18,Lower second class honours,185
148,Sex,Female,Part-time,Scotland,2017/18,Third class honours/Pass,110
149,Sex,Female,Part-time,Scotland,2017/18,Unclassified,755
150,Sex,Female,Full-time,Wales,2017/18,First class honours,2770
151,Sex,Female,Full-time,Wales,2017/18,Upper second class honours,4765
152,Sex,Female,Full-time,Wales,2017/18,Lower second class honours,1640
153,Sex,Female,Full-time,Wales,2017/18,Third class honours/Pass,270
154,Sex,Female,Full-time,Wales,2017/18,Unclassified,235
155,Sex,Female,Part-time,Wales,2017/18,First class honours,125
156,Sex,Female,Part-time,Wales,2017/18,Upper second class honours,170
157,Sex,Female,Part-time,Wales,2017/18,Lower second class honours,135
158,Sex,Female,Part-time,Wales,2017/18,Third class honours/Pass,65
159,Sex,Female,Part-time,Wales,2017/18,Unclassified,60
160,Sex,Female,Full-time,England,2018/19,First class honours,46870
161,Sex,Female,Full-time,England,2018/19,Upper second class honours,78380
162,Sex,Female,Full-time,England,2018/19,Lower second class honours,25550
163,Sex,Female,Full-time,England,2018/19,Third class honours/Pass,4710
164,Sex,Female,Full-time,England,2018/19,Unclassified,4645
165,Sex,Female,Part-time,England,2018/19,First class honours,2250
166,Sex,Female,Part-time,England,2018/19,Upper second class honours,4295
167,Sex,Female,Part-time,England,2018/19,Lower second class honours,3230
168,Sex,Female,Part-time,England,2018/19,Third class honours/Pass,1895
169,Sex,Female,Part-time,England,2018/19,Unclassified,700
170,Sex,Female,Full-time,Northern Ireland,2018/19,First class honours,1230
171,Sex,Female,Full-time,Northern Ireland,2018/19,Upper second class honours,2405
172,Sex,Female,Full-time,Northern Ireland,2018/19,Lower second class honours,600
173,Sex,Female,Full-time,Northern Ireland,2018/19,Third class honours/Pass,55
174,Sex,Female,Full-time,Northern Ireland,2018/19,Unclassified,155
175,Sex,Female,Part-time,Northern Ireland,2018/19,First class honours,105
176,Sex,Female,Part-time,Northern Ireland,2018/19,Upper second class honours,210
177,Sex,Female,Part-time,Northern Ireland,2018/19,Lower second class honours,115
178,Sex,Female,Part-time,Northern Ireland,2018/19,Third class honours/Pass,30
179,Sex,Female,Part-time,Northern Ireland,2018/19,Unclassified,10
180,Sex,Female,Full-time,Scotland,2018/19,First class honours,3290
181,Sex,Female,Full-time,Scotland,2018/19,Upper second class honours,6800
182,Sex,Female,Full-time,Scotland,2018/19,Lower second class honours,1860
183,Sex,Female,Full-time,Scotland,2018/19,Third class honours/Pass,260
184,Sex,Female,Full-time,Scotland,2018/19,Unclassified,5055
185,Sex,Female,Part-time,Scotland,2018/19,First class honours,155
186,Sex,Female,Part-time,Scotland,2018/19,Upper second class honours,305
187,Sex,Female,Part-time,Scotland,2018/19,Lower second class honours,180
188,Sex,Female,Part-time,Scotland,2018/19,Third class honours/Pass,90
189,Sex,Female,Part-time,Scotland,2018/19,Unclassified,820
190,Sex,Female,Full-time,Wales,2018/19,First class honours,3015
191,Sex,Female,Full-time,Wales,2018/19,Upper second class honours,4665
192,Sex,Female,Full-time,Wales,2018/19,Lower second class honours,1655
193,Sex,Female,Full-time,Wales,2018/19,Third class honours/Pass,240
194,Sex,Female,Full-time,Wales,2018/19,Unclassified,250
195,Sex,Female,Part-time,Wales,2018/19,First class honours,135
196,Sex,Female,Part-time,Wales,2018/19,Upper second class honours,210
197,Sex,Female,Part-time,Wales,2018/19,Lower second class honours,145
198,Sex,Female,Part-time,Wales,2018/19,Third class honours/Pass,65
199,Sex,Female,Part-time,Wales,2018/19,Unclassified,25
200,Sex,Female,Full-time,England,2019/20,First class honours,56600
201,Sex,Female,Full-time,England,2019/20,Upper second class honours,74245
202,Sex,Female,Full-time,England,2019/20,Lower second class honours,20190
203,Sex,Female,Full-time,England,2019/20,Third class honours/Pass,3200
204,Sex,Female,Full-time,England,2019/20,Unclassified,4890
205,Sex,Female,Part-time,England,2019/20,First class honours,1775
206,Sex,Female,Part-time,England,2019/20,Upper second class honours,2605
207,Sex,Female,Part-time,England,2019/20,Lower second class honours,2020
208,Sex,Female,Part-time,England,2019/20,Third class honours/Pass,1165
209,Sex,Female,Part-time,England,2019/20,Unclassified,410
210,Sex,Female,Full-time,Northern Ireland,2019/20,First class honours,1415
211,Sex,Female,Full-time,Northern Ireland,2019/20,Upper second class honours,2375
212,Sex,Female,Full-time,Northern Ireland,2019/20,Lower second class honours,495
213,Sex,Female,Full-time,Northern Ireland,2019/20,Third class honours/Pass,35
214,Sex,Female,Full-time,Northern Ireland,2019/20,Unclassified,140
215,Sex,Female,Part-time,Northern Ireland,2019/20,First class honours,100
216,Sex,Female,Part-time,Northern Ireland,2019/20,Upper second class honours,155
217,Sex,Female,Part-time,Northern Ireland,2019/20,Lower second class honours,80
218,Sex,Female,Part-time,Northern Ireland,2019/20,Third class honours/Pass,20
219,Sex,Female,Part-time,Northern Ireland,2019/20,Unclassified,0
220,Sex,Female,Full-time,Scotland,2019/20,First class honours,4315
221,Sex,Female,Full-time,Scotland,2019/20,Upper second class honours,6720
222,Sex,Female,Full-time,Scotland,2019/20,Lower second class honours,1365
223,Sex,Female,Full-time,Scotland,2019/20,Third class honours/Pass,220
224,Sex,Female,Full-time,Scotland,2019/20,Unclassified,4215
225,Sex,Female,Part-time,Scotland,2019/20,First class honours,65
226,Sex,Female,Part-time,Scotland,2019/20,Upper second class honours,100
227,Sex,Female,Part-time,Scotland,2019/20,Lower second class honours,65
228,Sex,Female,Part-time,Scotland,2019/20,Third class honours/Pass,50
229,Sex,Female,Part-time,Scotland,2019/20,Unclassified,755
230,Sex,Female,Full-time,Wales,2019/20,First class honours,3815
231,Sex,Female,Full-time,Wales,2019/20,Upper second class honours,4605
232,Sex,Female,Full-time,Wales,2019/20,Lower second class honours,1410
233,Sex,Female,Full-time,Wales,2019/20,Third class honours/Pass,220
234,Sex,Female,Full-time,Wales,2019/20,Unclassified,245
235,Sex,Female,Part-time,Wales,2019/20,First class honours,95
236,Sex,Female,Part-time,Wales,2019/20,Upper second class honours,130
237,Sex,Female,Part-time,Wales,2019/20,Lower second class honours,70
238,Sex,Female,Part-time,Wales,2019/20,Third class honours/Pass,30
239,Sex,Female,Part-time,Wales,2019/20,Unclassified,5
240,Sex,Female,All,England,2014/15,First class honours,33910
241,Sex,Female,All,England,2014/15,Upper second class honours,79445
242,Sex,Female,All,England,2014/15,Lower second class honours,31520
243,Sex,Female,All,England,2014/15,Third class honours/Pass,7230
244,Sex,Female,All,England,2014/15,Unclassified,6155
245,Sex,Female,All,Northern Ireland,2014/15,First class honours,945
246,Sex,Female,All,Northern Ireland,2014/15,Upper second class honours,2595
247,Sex,Female,All,Northern Ireland,2014/15,Lower second class honours,1010
248,Sex,Female,All,Northern Ireland,2014/15,Third class honours/Pass,130
249,Sex,Female,All,Northern Ireland,2014/15,Unclassified,160
250,Sex,Female,All,Scotland,2014/15,First class honours,2500
251,Sex,Female,All,Scotland,2014/15,Upper second class honours,6615
252,Sex,Female,All,Scotland,2014/15,Lower second class honours,2240
253,Sex,Female,All,Scotland,2014/15,Third class honours/Pass,345
254,Sex,Female,All,Scotland,2014/15,Unclassified,5935
255,Sex,Female,All,Wales,2014/15,First class honours,2170
256,Sex,Female,All,Wales,2014/15,Upper second class honours,5095
257,Sex,Female,All,Wales,2014/15,Lower second class honours,2410
258,Sex,Female,All,Wales,2014/15,Third class honours/Pass,455
259,Sex,Female,All,Wales,2014/15,Unclassified,365
260,Sex,Female,All,England,2015/16,First class honours,37390
261,Sex,Female,All,England,2015/16,Upper second class honours,80610
262,Sex,Female,All,England,2015/16,Lower second class honours,31000
263,Sex,Female,All,England,2015/16,Third class honours/Pass,7140
264,Sex,Female,All,England,2015/16,Unclassified,6000
265,Sex,Female,All,Northern Ireland,2015/16,First class honours,1130
266,Sex,Female,All,Northern Ireland,2015/16,Upper second class honours,2710
267,Sex,Female,All,Northern Ireland,2015/16,Lower second class honours,930
268,Sex,Female,All,Northern Ireland,2015/16,Third class honours/Pass,125
269,Sex,Female,All,Northern Ireland,2015/16,Unclassified,175
270,Sex,Female,All,Scotland,2015/16,First class honours,2850
271,Sex,Female,All,Scotland,2015/16,Upper second class honours,7030
272,Sex,Female,All,Scotland,2015/16,Lower second class honours,2200
273,Sex,Female,All,Scotland,2015/16,Third class honours/Pass,360
274,Sex,Female,All,Scotland,2015/16,Unclassified,5580
275,Sex,Female,All,Wales,2015/16,First class honours,2330
276,Sex,Female,All,Wales,2015/16,Upper second class honours,4985
277,Sex,Female,All,Wales,2015/16,Lower second class honours,2020
278,Sex,Female,All,Wales,2015/16,Third class honours/Pass,350
279,Sex,Female,All,Wales,2015/16,Unclassified,290
280,Sex,Female,All,England,2016/17,First class honours,42920
281,Sex,Female,All,England,2016/17,Upper second class honours,81950
282,Sex,Female,All,England,2016/17,Lower second class honours,29850
283,Sex,Female,All,England,2016/17,Third class honours/Pass,7415
284,Sex,Female,All,England,2016/17,Unclassified,5545
285,Sex,Female,All,Northern Ireland,2016/17,First class honours,1170
286,Sex,Female,All,Northern Ireland,2016/17,Upper second class honours,2740
287,Sex,Female,All,Northern Ireland,2016/17,Lower second class honours,935
288,Sex,Female,All,Northern Ireland,2016/17,Third class honours/Pass,95
289,Sex,Female,All,Northern Ireland,2016/17,Unclassified,160
290,Sex,Female,All,Scotland,2016/17,First class honours,2975
291,Sex,Female,All,Scotland,2016/17,Upper second class honours,7245
292,Sex,Female,All,Scotland,2016/17,Lower second class honours,2095
293,Sex,Female,All,Scotland,2016/17,Third class honours/Pass,400
294,Sex,Female,All,Scotland,2016/17,Unclassified,5650
295,Sex,Female,All,Wales,2016/17,First class honours,2725
296,Sex,Female,All,Wales,2016/17,Upper second class honours,5100
297,Sex,Female,All,Wales,2016/17,Lower second class honours,1960
298,Sex,Female,All,Wales,2016/17,Third class honours/Pass,365
299,Sex,Female,All,Wales,2016/17,Unclassified,320
300,Sex,Female,All,England,2017/18,First class honours,47315
301,Sex,Female,All,England,2017/18,Upper second class honours,81925
302,Sex,Female,All,England,2017/18,Lower second class honours,28765
303,Sex,Female,All,England,2017/18,Third class honours/Pass,6895
304,Sex,Female,All,England,2017/18,Unclassified,5350
305,Sex,Female,All,Northern Ireland,2017/18,First class honours,1340
306,Sex,Female,All,Northern Ireland,2017/18,Upper second class honours,2500
307,Sex,Female,All,Northern Ireland,2017/18,Lower second class honours,800
308,Sex,Female,All,Northern Ireland,2017/18,Third class honours/Pass,90
309,Sex,Female,All,Northern Ireland,2017/18,Unclassified,140
310,Sex,Female,All,Scotland,2017/18,First class honours,3265
311,Sex,Female,All,Scotland,2017/18,Upper second class honours,7295
312,Sex,Female,All,Scotland,2017/18,Lower second class honours,2065
313,Sex,Female,All,Scotland,2017/18,Third class honours/Pass,390
314,Sex,Female,All,Scotland,2017/18,Unclassified,5635
315,Sex,Female,All,Wales,2017/18,First class honours,2895
316,Sex,Female,All,Wales,2017/18,Upper second class honours,4935
317,Sex,Female,All,Wales,2017/18,Lower second class honours,1780
318,Sex,Female,All,Wales,2017/18,Third class honours/Pass,335
319,Sex,Female,All,Wales,2017/18,Unclassified,295
320,Sex,Female,All,England,2018/19,First class honours,49120
321,Sex,Female,All,England,2018/19,Upper second class honours,82675
322,Sex,Female,All,England,2018/19,Lower second class honours,28775
323,Sex,Female,All,England,2018/19,Third class honours/Pass,6605
324,Sex,Female,All,England,2018/19,Unclassified,5350
325,Sex,Female,All,Northern Ireland,2018/19,First class honours,1335
326,Sex,Female,All,Northern Ireland,2018/19,Upper second class honours,2615
327,Sex,Female,All,Northern Ireland,2018/19,Lower second class honours,715
328,Sex,Female,All,Northern Ireland,2018/19,Third class honours/Pass,85
329,Sex,Female,All,Northern Ireland,2018/19,Unclassified,165
330,Sex,Female,All,Scotland,2018/19,First class honours,3445
331,Sex,Female,All,Scotland,2018/19,Upper second class honours,7100
332,Sex,Female,All,Scotland,2018/19,Lower second class honours,2040
333,Sex,Female,All,Scotland,2018/19,Third class honours/Pass,350
334,Sex,Female,All,Scotland,2018/19,Unclassified,5880
335,Sex,Female,All,Wales,2018/19,First class honours,3150
336,Sex,Female,All,Wales,2018/19,Upper second class honours,4875
337,Sex,Female,All,Wales,2018/19,Lower second class honours,1805
338,Sex,Female,All,Wales,2018/19,Third class honours/Pass,305
339,Sex,Female,All,Wales,2018/19,Unclassified,270
340,Sex,Female,All,England,2019/20,First class honours,58375
341,Sex,Female,All,England,2019/20,Upper second class honours,76850
342,Sex,Female,All,England,2019/20,Lower second class honours,22210
343,Sex,Female,All,England,2019/20,Third class honours/Pass,4365
344,Sex,Female,All,England,2019/20,Unclassified,5305
345,Sex,Female,All,Northern Ireland,2019/20,First class honours,1520
346,Sex,Female,All,Northern Ireland,2019/20,Upper second class honours,2530
347,Sex,Female,All,Northern Ireland,2019/20,Lower second class honours,570
348,Sex,Female,All,Northern Ireland,2019/20,Third class honours/Pass,55
349,Sex,Female,All,Northern Ireland,2019/20,Unclassified,140
350,Sex,Female,All,Scotland,2019/20,First class honours,4380
351,Sex,Female,All,Scotland,2019/20,Upper second class honours,6820
352,Sex,Female,All,Scotland,2019/20,Lower second class honours,1435
353,Sex,Female,All,Scotland,2019/20,Third class honours/Pass,270
354,Sex,Female,All,Scotland,2019/20,Unclassified,4970
355,Sex,Female,All,Wales,2019/20,First class honours,3915
356,Sex,Female,All,Wales,2019/20,Upper second class honours,4730
357,Sex,Female,All,Wales,2019/20,Lower second class honours,1480
358,Sex,Female,All,Wales,2019/20,Third class honours/Pass,250
359,Sex,Female,All,Wales,2019/20,Unclassified,250
360,Sex,Female,All,All,2014/15,First class honours,39520
361,Sex,Female,All,All,2014/15,Upper second class honours,93750
362,Sex,Female,All,All,2014/15,Lower second class honours,37180
363,Sex,Female,All,All,2014/15,Third class honours/Pass,8160
364,Sex,Female,All,All,2014/15,Unclassified,12615
365,Sex,Female,All,All,2015/16,First class honours,43705
366,Sex,Female,All,All,2015/16,Upper second class honours,95330
367,Sex,Female,All,All,2015/16,Lower second class honours,36155
368,Sex,Female,All,All,2015/16,Third class honours/Pass,7970
369,Sex,Female,All,All,2015/16,Unclassified,12045
370,Sex,Female,All,All,2016/17,First class honours,49790
371,Sex,Female,All,All,2016/17,Upper second class honours,97040
372,Sex,Female,All,All,2016/17,Lower second class honours,34840
373,Sex,Female,All,All,2016/17,Third class honours/Pass,8275
374,Sex,Female,All,All,2016/17,Unclassified,11680
375,Sex,Female,All,All,2017/18,First class honours,54810
376,Sex,Female,All,All,2017/18,Upper second class honours,96655
377,Sex,Female,All,All,2017/18,Lower second class honours,33405
378,Sex,Female,All,All,2017/18,Third class honours/Pass,7710
379,Sex,Female,All,All,2017/18,Unclassified,11425
380,Sex,Female,All,All,2018/19,First class honours,57050
381,Sex,Female,All,All,2018/19,Upper second class honours,97270
382,Sex,Female,All,All,2018/19,Lower second class honours,33335
383,Sex,Female,All,All,2018/19,Third class honours/Pass,7345
384,Sex,Female,All,All,2018/19,Unclassified,11665
385,Sex,Female,All,All,2019/20,First class honours,68190
386,Sex,Female,All,All,2019/20,Upper second class honours,90935
387,Sex,Female,All,All,2019/20,Lower second class honours,25700
388,Sex,Female,All,All,2019/20,Third class honours/Pass,4940
389,Sex,Female,All,All,2019/20,Unclassified,10660
390,Sex,Female,Full-time,All,2014/15,First class honours,36520
391,Sex,Female,Full-time,All,2014/15,Upper second class honours,86810
392,Sex,Female,Full-time,All,2014/15,Lower second class honours,31665
393,Sex,Female,Full-time,All,2014/15,Third class honours/Pass,5325
394,Sex,Female,Full-time,All,2014/15,Unclassified,9965
395,Sex,Female,Full-time,All,2015/16,First class honours,40970
396,Sex,Female,Full-time,All,2015/16,Upper second class honours,89200
397,Sex,Female,Full-time,All,2015/16,Lower second class honours,31240
398,Sex,Female,Full-time,All,2015/16,Third class honours/Pass,5305
399,Sex,Female,Full-time,All,2015/16,Unclassified,9915
400,Sex,Female,Full-time,All,2016/17,First class honours,46960
401,Sex,Female,Full-time,All,2016/17,Upper second class honours,91140
402,Sex,Female,Full-time,All,2016/17,Lower second class honours,30095
403,Sex,Female,Full-time,All,2016/17,Third class honours/Pass,5630
404,Sex,Female,Full-time,All,2016/17,Unclassified,9770
405,Sex,Female,Full-time,All,2017/18,First class honours,52290
406,Sex,Female,Full-time,All,2017/18,Upper second class honours,91940
407,Sex,Female,Full-time,All,2017/18,Lower second class honours,29450
408,Sex,Female,Full-time,All,2017/18,Third class honours/Pass,5295
409,Sex,Female,Full-time,All,2017/18,Unclassified,9845
410,Sex,Female,Full-time,All,2018/19,First class honours,54405
411,Sex,Female,Full-time,All,2018/19,Upper second class honours,92250
412,Sex,Female,Full-time,All,2018/19,Lower second class honours,29660
413,Sex,Female,Full-time,All,2018/19,Third class honours/Pass,5270
414,Sex,Female,Full-time,All,2018/19,Unclassified,10110
415,Sex,Female,Full-time,All,2019/20,First class honours,66150
416,Sex,Female,Full-time,All,2019/20,Upper second class honours,87945
417,Sex,Female,Full-time,All,2019/20,Lower second class honours,23460
418,Sex,Female,Full-time,All,2019/20,Third class honours/Pass,3675
419,Sex,Female,Full-time,All,2019/20,Unclassified,9490
420,Sex,Female,Part-time,All,2014/15,First class honours,3000
421,Sex,Female,Part-time,All,2014/15,Upper second class honours,6940
422,Sex,Female,Part-time,All,2014/15,Lower second class honours,5520
423,Sex,Female,Part-time,All,2014/15,Third class honours/Pass,2835
424,Sex,Female,Part-time,All,2014/15,Unclassified,2645
425,Sex,Female,Part-time,All,2015/16,First class honours,2735
426,Sex,Female,Part-time,All,2015/16,Upper second class honours,6130
427,Sex,Female,Part-time,All,2015/16,Lower second class honours,4915
428,Sex,Female,Part-time,All,2015/16,Third class honours/Pass,2665
429,Sex,Female,Part-time,All,2015/16,Unclassified,2130
430,Sex,Female,Part-time,All,2016/17,First class honours,2835
431,Sex,Female,Part-time,All,2016/17,Upper second class honours,5900
432,Sex,Female,Part-time,All,2016/17,Lower second class honours,4745
433,Sex,Female,Part-time,All,2016/17,Third class honours/Pass,2645
434,Sex,Female,Part-time,All,2016/17,Unclassified,1905
435,Sex,Female,Part-time,All,2017/18,First class honours,2520
436,Sex,Female,Part-time,All,2017/18,Upper second class honours,4715
437,Sex,Female,Part-time,All,2017/18,Lower second class honours,3955
438,Sex,Female,Part-time,All,2017/18,Third class honours/Pass,2415
439,Sex,Female,Part-time,All,2017/18,Unclassified,1580
440,Sex,Female,Part-time,All,2018/19,First class honours,2645
441,Sex,Female,Part-time,All,2018/19,Upper second class honours,5020
442,Sex,Female,Part-time,All,2018/19,Lower second class honours,3675
443,Sex,Female,Part-time,All,2018/19,Third class honours/Pass,2075
444,Sex,Female,Part-time,All,2018/19,Unclassified,1560
445,Sex,Female,Part-time,All,2019/20,First class honours,2040
446,Sex,Female,Part-time,All,2019/20,Upper second class honours,2990
447,Sex,Female,Part-time,All,2019/20,Lower second class honours,2235
448,Sex,Female,Part-time,All,2019/20,Third class honours/Pass,1265
449,Sex,Female,Part-time,All,2019/20,Unclassified,1175
450,Sex,Male,Full-time,England,2014/15,First class honours,23960
451,Sex,Male,Full-time,England,2014/15,Upper second class honours,49785
452,Sex,Male,Full-time,England,2014/15,Lower second class honours,22355
453,Sex,Male,Full-time,England,2014/15,Third class honours/Pass,4655
454,Sex,Male,Full-time,England,2014/15,Unclassified,4295
455,Sex,Male,Part-time,England,2014/15,First class honours,2230
456,Sex,Male,Part-time,England,2014/15,Upper second class honours,3830
457,Sex,Male,Part-time,England,2014/15,Lower second class honours,2910
458,Sex,Male,Part-time,England,2014/15,Third class honours/Pass,1640
459,Sex,Male,Part-time,England,2014/15,Unclassified,860
460,Sex,Male,Full-time,Northern Ireland,2014/15,First class honours,625
461,Sex,Male,Full-time,Northern Ireland,2014/15,Upper second class honours,1585
462,Sex,Male,Full-time,Northern Ireland,2014/15,Lower second class honours,740
463,Sex,Male,Full-time,Northern Ireland,2014/15,Third class honours/Pass,105
464,Sex,Male,Full-time,Northern Ireland,2014/15,Unclassified,110
465,Sex,Male,Part-time,Northern Ireland,2014/15,First class honours,60
466,Sex,Male,Part-time,Northern Ireland,2014/15,Upper second class honours,155
467,Sex,Male,Part-time,Northern Ireland,2014/15,Lower second class honours,130
468,Sex,Male,Part-time,Northern Ireland,2014/15,Third class honours/Pass,45
469,Sex,Male,Part-time,Northern Ireland,2014/15,Unclassified,10
470,Sex,Male,Full-time,Scotland,2014/15,First class honours,1935
471,Sex,Male,Full-time,Scotland,2014/15,Upper second class honours,4370
472,Sex,Male,Full-time,Scotland,2014/15,Lower second class honours,1730
473,Sex,Male,Full-time,Scotland,2014/15,Third class honours/Pass,335
474,Sex,Male,Full-time,Scotland,2014/15,Unclassified,2720
475,Sex,Male,Part-time,Scotland,2014/15,First class honours,90
476,Sex,Male,Part-time,Scotland,2014/15,Upper second class honours,175
477,Sex,Male,Part-time,Scotland,2014/15,Lower second class honours,140
478,Sex,Male,Part-time,Scotland,2014/15,Third class honours/Pass,60
479,Sex,Male,Part-time,Scotland,2014/15,Unclassified,670
480,Sex,Male,Full-time,Wales,2014/15,First class honours,1360
481,Sex,Male,Full-time,Wales,2014/15,Upper second class honours,3310
482,Sex,Male,Full-time,Wales,2014/15,Lower second class honours,1870
483,Sex,Male,Full-time,Wales,2014/15,Third class honours/Pass,345
484,Sex,Male,Full-time,Wales,2014/15,Unclassified,215
485,Sex,Male,Part-time,Wales,2014/15,First class honours,115
486,Sex,Male,Part-time,Wales,2014/15,Upper second class honours,210
487,Sex,Male,Part-time,Wales,2014/15,Lower second class honours,115
488,Sex,Male,Part-time,Wales,2014/15,Third class honours/Pass,75
489,Sex,Male,Part-time,Wales,2014/15,Unclassified,35
490,Sex,Male,Full-time,England,2015/16,First class honours,25305
491,Sex,Male,Full-time,England,2015/16,Upper second class honours,50945
492,Sex,Male,Full-time,England,2015/16,Lower second class honours,22065
493,Sex,Male,Full-time,England,2015/16,Third class honours/Pass,4705
494,Sex,Male,Full-time,England,2015/16,Unclassified,4160
495,Sex,Male,Part-time,England,2015/16,First class honours,2050
496,Sex,Male,Part-time,England,2015/16,Upper second class honours,3545
497,Sex,Male,Part-time,England,2015/16,Lower second class honours,2725
498,Sex,Male,Part-time,England,2015/16,Third class honours/Pass,1695
499,Sex,Male,Part-time,England,2015/16,Unclassified,755
500,Sex,Male,Full-time,Northern Ireland,2015/16,First class honours,730
501,Sex,Male,Full-time,Northern Ireland,2015/16,Upper second class honours,1625
502,Sex,Male,Full-time,Northern Ireland,2015/16,Lower second class honours,805
503,Sex,Male,Full-time,Northern Ireland,2015/16,Third class honours/Pass,125
504,Sex,Male,Full-time,Northern Ireland,2015/16,Unclassified,95
505,Sex,Male,Part-time,Northern Ireland,2015/16,First class honours,65
506,Sex,Male,Part-time,Northern Ireland,2015/16,Upper second class honours,140
507,Sex,Male,Part-time,Northern Ireland,2015/16,Lower second class honours,90
508,Sex,Male,Part-time,Northern Ireland,2015/16,Third class honours/Pass,35
509,Sex,Male,Part-time,Northern Ireland,2015/16,Unclassified,15
510,Sex,Male,Full-time,Scotland,2015/16,First class honours,2160
511,Sex,Male,Full-time,Scotland,2015/16,Upper second class honours,4555
512,Sex,Male,Full-time,Scotland,2015/16,Lower second class honours,1700
513,Sex,Male,Full-time,Scotland,2015/16,Third class honours/Pass,335
514,Sex,Male,Full-time,Scotland,2015/16,Unclassified,2690
515,Sex,Male,Part-time,Scotland,2015/16,First class honours,95
516,Sex,Male,Part-time,Scotland,2015/16,Upper second class honours,200
517,Sex,Male,Part-time,Scotland,2015/16,Lower second class honours,145
518,Sex,Male,Part-time,Scotland,2015/16,Third class honours/Pass,50
519,Sex,Male,Part-time,Scotland,2015/16,Unclassified,585
520,Sex,Male,Full-time,Wales,2015/16,First class honours,1495
521,Sex,Male,Full-time,Wales,2015/16,Upper second class honours,3415
522,Sex,Male,Full-time,Wales,2015/16,Lower second class honours,1835
523,Sex,Male,Full-time,Wales,2015/16,Third class honours/Pass,290
524,Sex,Male,Full-time,Wales,2015/16,Unclassified,205
525,Sex,Male,Part-time,Wales,2015/16,First class honours,155
526,Sex,Male,Part-time,Wales,2015/16,Upper second class honours,175
527,Sex,Male,Part-time,Wales,2015/16,Lower second class honours,90
528,Sex,Male,Part-time,Wales,2015/16,Third class honours/Pass,65
529,Sex,Male,Part-time,Wales,2015/16,Unclassified,30
530,Sex,Male,Full-time,England,2016/17,First class honours,28995
531,Sex,Male,Full-time,England,2016/17,Upper second class honours,52700
532,Sex,Male,Full-time,England,2016/17,Lower second class honours,21745
533,Sex,Male,Full-time,England,2016/17,Third class honours/Pass,4610
534,Sex,Male,Full-time,England,2016/17,Unclassified,4100
535,Sex,Male,Part-time,England,2016/17,First class honours,2220
536,Sex,Male,Part-time,England,2016/17,Upper second class honours,3545
537,Sex,Male,Part-time,England,2016/17,Lower second class honours,2700
538,Sex,Male,Part-time,England,2016/17,Third class honours/Pass,1640
539,Sex,Male,Part-time,England,2016/17,Unclassified,575
540,Sex,Male,Full-time,Northern Ireland,2016/17,First class honours,775
541,Sex,Male,Full-time,Northern Ireland,2016/17,Upper second class honours,1785
542,Sex,Male,Full-time,Northern Ireland,2016/17,Lower second class honours,770
543,Sex,Male,Full-time,Northern Ireland,2016/17,Third class honours/Pass,110
544,Sex,Male,Full-time,Northern Ireland,2016/17,Unclassified,95
545,Sex,Male,Part-time,Northern Ireland,2016/17,First class honours,80
546,Sex,Male,Part-time,Northern Ireland,2016/17,Upper second class honours,160
547,Sex,Male,Part-time,Northern Ireland,2016/17,Lower second class honours,85
548,Sex,Male,Part-time,Northern Ireland,2016/17,Third class honours/Pass,30
549,Sex,Male,Part-time,Northern Ireland,2016/17,Unclassified,15
550,Sex,Male,Full-time,Scotland,2016/17,First class honours,2275
551,Sex,Male,Full-time,Scotland,2016/17,Upper second class honours,4665
552,Sex,Male,Full-time,Scotland,2016/17,Lower second class honours,1825
553,Sex,Male,Full-time,Scotland,2016/17,Third class honours/Pass,325
554,Sex,Male,Full-time,Scotland,2016/17,Unclassified,2620
555,Sex,Male,Part-time,Scotland,2016/17,First class honours,105
556,Sex,Male,Part-time,Scotland,2016/17,Upper second class honours,205
557,Sex,Male,Part-time,Scotland,2016/17,Lower second class honours,170
558,Sex,Male,Part-time,Scotland,2016/17,Third class honours/Pass,65
559,Sex,Male,Part-time,Scotland,2016/17,Unclassified,525
560,Sex,Male,Full-time,Wales,2016/17,First class honours,1775
561,Sex,Male,Full-time,Wales,2016/17,Upper second class honours,3595
562,Sex,Male,Full-time,Wales,2016/17,Lower second class honours,1825
563,Sex,Male,Full-time,Wales,2016/17,Third class honours/Pass,330
564,Sex,Male,Full-time,Wales,2016/17,Unclassified,220
565,Sex,Male,Part-time,Wales,2016/17,First class honours,140
566,Sex,Male,Part-time,Wales,2016/17,Upper second class honours,200
567,Sex,Male,Part-time,Wales,2016/17,Lower second class honours,125
568,Sex,Male,Part-time,Wales,2016/17,Third class honours/Pass,55
569,Sex,Male,Part-time,Wales,2016/17,Unclassified,35
570,Sex,Male,Full-time,England,2017/18,First class honours,31155
571,Sex,Male,Full-time,England,2017/18,Upper second class honours,52250
572,Sex,Male,Full-time,England,2017/18,Lower second class honours,21065
573,Sex,Male,Full-time,England,2017/18,Third class honours/Pass,4660
574,Sex,Male,Full-time,England,2017/18,Unclassified,4100
575,Sex,Male,Part-time,England,2017/18,First class honours,2105
576,Sex,Male,Part-time,England,2017/18,Upper second class honours,3020
577,Sex,Male,Part-time,England,2017/18,Lower second class honours,2440
578,Sex,Male,Part-time,England,2017/18,Third class honours/Pass,1505
579,Sex,Male,Part-time,England,2017/18,Unclassified,500
580,Sex,Male,Full-time,Northern Ireland,2017/18,First class honours,870
581,Sex,Male,Full-time,Northern Ireland,2017/18,Upper second class honours,1615
582,Sex,Male,Full-time,Northern Ireland,2017/18,Lower second class honours,640
583,Sex,Male,Full-time,Northern Ireland,2017/18,Third class honours/Pass,80
584,Sex,Male,Full-time,Northern Ireland,2017/18,Unclassified,90
585,Sex,Male,Part-time,Northern Ireland,2017/18,First class honours,75
586,Sex,Male,Part-time,Northern Ireland,2017/18,Upper second class honours,130
587,Sex,Male,Part-time,Northern Ireland,2017/18,Lower second class honours,75
588,Sex,Male,Part-time,Northern Ireland,2017/18,Third class honours/Pass,40
589,Sex,Male,Part-time,Northern Ireland,2017/18,Unclassified,10
590,Sex,Male,Full-time,Scotland,2017/18,First class honours,2365
591,Sex,Male,Full-time,Scotland,2017/18,Upper second class honours,4885
592,Sex,Male,Full-time,Scotland,2017/18,Lower second class honours,1665
593,Sex,Male,Full-time,Scotland,2017/18,Third class honours/Pass,290
594,Sex,Male,Full-time,Scotland,2017/18,Unclassified,2560
595,Sex,Male,Part-time,Scotland,2017/18,First class honours,105
596,Sex,Male,Part-time,Scotland,2017/18,Upper second class honours,195
597,Sex,Male,Part-time,Scotland,2017/18,Lower second class honours,160
598,Sex,Male,Part-time,Scotland,2017/18,Third class honours/Pass,75
599,Sex,Male,Part-time,Scotland,2017/18,Unclassified,495
600,Sex,Male,Full-time,Wales,2017/18,First class honours,1920
601,Sex,Male,Full-time,Wales,2017/18,Upper second class honours,3545
602,Sex,Male,Full-time,Wales,2017/18,Lower second class honours,1665
603,Sex,Male,Full-time,Wales,2017/18,Third class honours/Pass,260
604,Sex,Male,Full-time,Wales,2017/18,Unclassified,200
605,Sex,Male,Part-time,Wales,2017/18,First class honours,140
606,Sex,Male,Part-time,Wales,2017/18,Upper second class honours,170
607,Sex,Male,Part-time,Wales,2017/18,Lower second class honours,105
608,Sex,Male,Part-time,Wales,2017/18,Third class honours/Pass,60
609,Sex,Male,Part-time,Wales,2017/18,Unclassified,35
610,Sex,Male,Full-time,England,2018/19,First class honours,31010
611,Sex,Male,Full-time,England,2018/19,Upper second class honours,52505
612,Sex,Male,Full-time,England,2018/19,Lower second class honours,21500
613,Sex,Male,Full-time,England,2018/19,Third class honours/Pass,4740
614,Sex,Male,Full-time,England,2018/19,Unclassified,4050
615,Sex,Male,Part-time,England,2018/19,First class honours,2175
616,Sex,Male,Part-time,England,2018/19,Upper second class honours,3090
617,Sex,Male,Part-time,England,2018/19,Lower second class honours,2240
618,Sex,Male,Part-time,England,2018/19,Third class honours/Pass,1415
619,Sex,Male,Part-time,England,2018/19,Unclassified,400
620,Sex,Male,Full-time,Northern Ireland,2018/19,First class honours,895
621,Sex,Male,Full-time,Northern Ireland,2018/19,Upper second class honours,1710
622,Sex,Male,Full-time,Northern Ireland,2018/19,Lower second class honours,605
623,Sex,Male,Full-time,Northern Ireland,2018/19,Third class honours/Pass,70
624,Sex,Male,Full-time,Northern Ireland,2018/19,Unclassified,75
625,Sex,Male,Part-time,Northern Ireland,2018/19,First class honours,100
626,Sex,Male,Part-time,Northern Ireland,2018/19,Upper second class honours,175
627,Sex,Male,Part-time,Northern Ireland,2018/19,Lower second class honours,90
628,Sex,Male,Part-time,Northern Ireland,2018/19,Third class honours/Pass,20
629,Sex,Male,Part-time,Northern Ireland,2018/19,Unclassified,5
630,Sex,Male,Full-time,Scotland,2018/19,First class honours,2485
631,Sex,Male,Full-time,Scotland,2018/19,Upper second class honours,4710
632,Sex,Male,Full-time,Scotland,2018/19,Lower second class honours,1635
633,Sex,Male,Full-time,Scotland,2018/19,Third class honours/Pass,280
634,Sex,Male,Full-time,Scotland,2018/19,Unclassified,2615
635,Sex,Male,Part-time,Scotland,2018/19,First class honours,130
636,Sex,Male,Part-time,Scotland,2018/19,Upper second class honours,260
637,Sex,Male,Part-time,Scotland,2018/19,Lower second class honours,140
638,Sex,Male,Part-time,Scotland,2018/19,Third class honours/Pass,75
639,Sex,Male,Part-time,Scotland,2018/19,Unclassified,490
640,Sex,Male,Full-time,Wales,2018/19,First class honours,1880
641,Sex,Male,Full-time,Wales,2018/19,Upper second class honours,3625
642,Sex,Male,Full-time,Wales,2018/19,Lower second class honours,1575
643,Sex,Male,Full-time,Wales,2018/19,Third class honours/Pass,255
644,Sex,Male,Full-time,Wales,2018/19,Unclassified,185
645,Sex,Male,Part-time,Wales,2018/19,First class honours,160
646,Sex,Male,Part-time,Wales,2018/19,Upper second class honours,165
647,Sex,Male,Part-time,Wales,2018/19,Lower second class honours,95
648,Sex,Male,Part-time,Wales,2018/19,Third class honours/Pass,45
649,Sex,Male,Part-time,Wales,2018/19,Unclassified,20
650,Sex,Male,Full-time,England,2019/20,First class honours,38110
651,Sex,Male,Full-time,England,2019/20,Upper second class honours,51250
652,Sex,Male,Full-time,England,2019/20,Lower second class honours,16390
653,Sex,Male,Full-time,England,2019/20,Third class honours/Pass,2920
654,Sex,Male,Full-time,England,2019/20,Unclassified,3965
655,Sex,Male,Part-time,England,2019/20,First class honours,2110
656,Sex,Male,Part-time,England,2019/20,Upper second class honours,2515
657,Sex,Male,Part-time,England,2019/20,Lower second class honours,1850
658,Sex,Male,Part-time,England,2019/20,Third class honours/Pass,920
659,Sex,Male,Part-time,England,2019/20,Unclassified,245
660,Sex,Male,Full-time,Northern Ireland,2019/20,First class honours,995
661,Sex,Male,Full-time,Northern Ireland,2019/20,Upper second class honours,1660
662,Sex,Male,Full-time,Northern Ireland,2019/20,Lower second class honours,435
663,Sex,Male,Full-time,Northern Ireland,2019/20,Third class honours/Pass,25
664,Sex,Male,Full-time,Northern Ireland,2019/20,Unclassified,85
665,Sex,Male,Part-time,Northern Ireland,2019/20,First class honours,80
666,Sex,Male,Part-time,Northern Ireland,2019/20,Upper second class honours,115
667,Sex,Male,Part-time,Northern Ireland,2019/20,Lower second class honours,75
668,Sex,Male,Part-time,Northern Ireland,2019/20,Third class honours/Pass,25
669,Sex,Male,Part-time,Northern Ireland,2019/20,Unclassified,0
670,Sex,Male,Full-time,Scotland,2019/20,First class honours,3185
671,Sex,Male,Full-time,Scotland,2019/20,Upper second class honours,4520
672,Sex,Male,Full-time,Scotland,2019/20,Lower second class honours,1290
673,Sex,Male,Full-time,Scotland,2019/20,Third class honours/Pass,210
674,Sex,Male,Full-time,Scotland,2019/20,Unclassified,2010
675,Sex,Male,Part-time,Scotland,2019/20,First class honours,95
676,Sex,Male,Part-time,Scotland,2019/20,Upper second class honours,145
677,Sex,Male,Part-time,Scotland,2019/20,Lower second class honours,90
678,Sex,Male,Part-time,Scotland,2019/20,Third class honours/Pass,35
679,Sex,Male,Part-time,Scotland,2019/20,Unclassified,370
680,Sex,Male,Full-time,Wales,2019/20,First class honours,2460
681,Sex,Male,Full-time,Wales,2019/20,Upper second class honours,3545
682,Sex,Male,Full-time,Wales,2019/20,Lower second class honours,1260
683,Sex,Male,Full-time,Wales,2019/20,Third class honours/Pass,185
684,Sex,Male,Full-time,Wales,2019/20,Unclassified,175
685,Sex,Male,Part-time,Wales,2019/20,First class honours,140
686,Sex,Male,Part-time,Wales,2019/20,Upper second class honours,115
687,Sex,Male,Part-time,Wales,2019/20,Lower second class honours,65
688,Sex,Male,Part-time,Wales,2019/20,Third class honours/Pass,30
689,Sex,Male,Part-time,Wales,2019/20,Unclassified,10
690,Sex,Male,All,England,2014/15,First class honours,26190
691,Sex,Male,All,England,2014/15,Upper second class honours,53615
692,Sex,Male,All,England,2014/15,Lower second class honours,25265
693,Sex,Male,All,England,2014/15,Third class honours/Pass,6295
694,Sex,Male,All,England,2014/15,Unclassified,5155
695,Sex,Male,All,Northern Ireland,2014/15,First class honours,685
696,Sex,Male,All,Northern Ireland,2014/15,Upper second class honours,1740
697,Sex,Male,All,Northern Ireland,2014/15,Lower second class honours,870
698,Sex,Male,All,Northern Ireland,2014/15,Third class honours/Pass,150
699,Sex,Male,All,Northern Ireland,2014/15,Unclassified,125
700,Sex,Male,All,Scotland,2014/15,First class honours,2020
701,Sex,Male,All,Scotland,2014/15,Upper second class honours,4545
702,Sex,Male,All,Scotland,2014/15,Lower second class honours,1870
703,Sex,Male,All,Scotland,2014/15,Third class honours/Pass,395
704,Sex,Male,All,Scotland,2014/15,Unclassified,3390
705,Sex,Male,All,Wales,2014/15,First class honours,1475
706,Sex,Male,All,Wales,2014/15,Upper second class honours,3520
707,Sex,Male,All,Wales,2014/15,Lower second class honours,1985
708,Sex,Male,All,Wales,2014/15,Third class honours/Pass,420
709,Sex,Male,All,Wales,2014/15,Unclassified,250
710,Sex,Male,All,England,2015/16,First class honours,27355
711,Sex,Male,All,England,2015/16,Upper second class honours,54490
712,Sex,Male,All,England,2015/16,Lower second class honours,24790
713,Sex,Male,All,England,2015/16,Third class honours/Pass,6400
714,Sex,Male,All,England,2015/16,Unclassified,4920
715,Sex,Male,All,Northern Ireland,2015/16,First class honours,795
716,Sex,Male,All,Northern Ireland,2015/16,Upper second class honours,1765
717,Sex,Male,All,Northern Ireland,2015/16,Lower second class honours,895
718,Sex,Male,All,Northern Ireland,2015/16,Third class honours/Pass,160
719,Sex,Male,All,Northern Ireland,2015/16,Unclassified,110
720,Sex,Male,All,Scotland,2015/16,First class honours,2255
721,Sex,Male,All,Scotland,2015/16,Upper second class honours,4755
722,Sex,Male,All,Scotland,2015/16,Lower second class honours,1845
723,Sex,Male,All,Scotland,2015/16,Third class honours/Pass,385
724,Sex,Male,All,Scotland,2015/16,Unclassified,3275
725,Sex,Male,All,Wales,2015/16,First class honours,1650
726,Sex,Male,All,Wales,2015/16,Upper second class honours,3585
727,Sex,Male,All,Wales,2015/16,Lower second class honours,1925
728,Sex,Male,All,Wales,2015/16,Third class honours/Pass,350
729,Sex,Male,All,Wales,2015/16,Unclassified,235
730,Sex,Male,All,England,2016/17,First class honours,31215
731,Sex,Male,All,England,2016/17,Upper second class honours,56245
732,Sex,Male,All,England,2016/17,Lower second class honours,24445
733,Sex,Male,All,England,2016/17,Third class honours/Pass,6250
734,Sex,Male,All,England,2016/17,Unclassified,4675
735,Sex,Male,All,Northern Ireland,2016/17,First class honours,855
736,Sex,Male,All,Northern Ireland,2016/17,Upper second class honours,1940
737,Sex,Male,All,Northern Ireland,2016/17,Lower second class honours,855
738,Sex,Male,All,Northern Ireland,2016/17,Third class honours/Pass,140
739,Sex,Male,All,Northern Ireland,2016/17,Unclassified,110
740,Sex,Male,All,Scotland,2016/17,First class honours,2385
741,Sex,Male,All,Scotland,2016/17,Upper second class honours,4870
742,Sex,Male,All,Scotland,2016/17,Lower second class honours,1995
743,Sex,Male,All,Scotland,2016/17,Third class honours/Pass,390
744,Sex,Male,All,Scotland,2016/17,Unclassified,3145
745,Sex,Male,All,Wales,2016/17,First class honours,1915
746,Sex,Male,All,Wales,2016/17,Upper second class honours,3795
747,Sex,Male,All,Wales,2016/17,Lower second class honours,1950
748,Sex,Male,All,Wales,2016/17,Third class honours/Pass,385
749,Sex,Male,All,Wales,2016/17,Unclassified,255
750,Sex,Male,All,England,2017/18,First class honours,33260
751,Sex,Male,All,England,2017/18,Upper second class honours,55270
752,Sex,Male,All,England,2017/18,Lower second class honours,23505
753,Sex,Male,All,England,2017/18,Third class honours/Pass,6165
754,Sex,Male,All,England,2017/18,Unclassified,4600
755,Sex,Male,All,Northern Ireland,2017/18,First class honours,945
756,Sex,Male,All,Northern Ireland,2017/18,Upper second class honours,1750
757,Sex,Male,All,Northern Ireland,2017/18,Lower second class honours,715
758,Sex,Male,All,Northern Ireland,2017/18,Third class honours/Pass,120
759,Sex,Male,All,Northern Ireland,2017/18,Unclassified,100
760,Sex,Male,All,Scotland,2017/18,First class honours,2470
761,Sex,Male,All,Scotland,2017/18,Upper second class honours,5080
762,Sex,Male,All,Scotland,2017/18,Lower second class honours,1825
763,Sex,Male,All,Scotland,2017/18,Third class honours/Pass,365
764,Sex,Male,All,Scotland,2017/18,Unclassified,3055
765,Sex,Male,All,Wales,2017/18,First class honours,2060
766,Sex,Male,All,Wales,2017/18,Upper second class honours,3715
767,Sex,Male,All,Wales,2017/18,Lower second class honours,1770
768,Sex,Male,All,Wales,2017/18,Third class honours/Pass,315
769,Sex,Male,All,Wales,2017/18,Unclassified,230
770,Sex,Male,All,England,2018/19,First class honours,33185
771,Sex,Male,All,England,2018/19,Upper second class honours,55600
772,Sex,Male,All,England,2018/19,Lower second class honours,23740
773,Sex,Male,All,England,2018/19,Third class honours/Pass,6155
774,Sex,Male,All,England,2018/19,Unclassified,4450
775,Sex,Male,All,Northern Ireland,2018/19,First class honours,990
776,Sex,Male,All,Northern Ireland,2018/19,Upper second class honours,1880
777,Sex,Male,All,Northern Ireland,2018/19,Lower second class honours,695
778,Sex,Male,All,Northern Ireland,2018/19,Third class honours/Pass,90
779,Sex,Male,All,Northern Ireland,2018/19,Unclassified,80
780,Sex,Male,All,Scotland,2018/19,First class honours,2615
781,Sex,Male,All,Scotland,2018/19,Upper second class honours,4965
782,Sex,Male,All,Scotland,2018/19,Lower second class honours,1775
783,Sex,Male,All,Scotland,2018/19,Third class honours/Pass,350
784,Sex,Male,All,Scotland,2018/19,Unclassified,3105
785,Sex,Male,All,Wales,2018/19,First class honours,2045
786,Sex,Male,All,Wales,2018/19,Upper second class honours,3790
787,Sex,Male,All,Wales,2018/19,Lower second class honours,1670
788,Sex,Male,All,Wales,2018/19,Third class honours/Pass,300
789,Sex,Male,All,Wales,2018/19,Unclassified,205
790,Sex,Male,All,England,2019/20,First class honours,40220
791,Sex,Male,All,England,2019/20,Upper second class honours,53765
792,Sex,Male,All,England,2019/20,Lower second class honours,18240
793,Sex,Male,All,England,2019/20,Third class honours/Pass,3840
794,Sex,Male,All,England,2019/20,Unclassified,4215
795,Sex,Male,All,Northern Ireland,2019/20,First class honours,1075
796,Sex,Male,All,Northern Ireland,2019/20,Upper second class honours,1775
797,Sex,Male,All,Northern Ireland,2019/20,Lower second class honours,510
798,Sex,Male,All,Northern Ireland,2019/20,Third class honours/Pass,50
799,Sex,Male,All,Northern Ireland,2019/20,Unclassified,85
800,Sex,Male,All,Scotland,2019/20,First class honours,3280
801,Sex,Male,All,Scotland,2019/20,Upper second class honours,4665
802,Sex,Male,All,Scotland,2019/20,Lower second class honours,1375
803,Sex,Male,All,Scotland,2019/20,Third class honours/Pass,245
804,Sex,Male,All,Scotland,2019/20,Unclassified,2375
805,Sex,Male,All,Wales,2019/20,First class honours,2600
806,Sex,Male,All,Wales,2019/20,Upper second class honours,3660
807,Sex,Male,All,Wales,2019/20,Lower second class honours,1325
808,Sex,Male,All,Wales,2019/20,Third class honours/Pass,215
809,Sex,Male,All,Wales,2019/20,Unclassified,185
810,Sex,Male,All,All,2014/15,First class honours,30375
811,Sex,Male,All,All,2014/15,Upper second class honours,63420
812,Sex,Male,All,All,2014/15,Lower second class honours,29995
813,Sex,Male,All,All,2014/15,Third class honours/Pass,7260
814,Sex,Male,All,All,2014/15,Unclassified,8915
815,Sex,Male,All,All,2015/16,First class honours,32055
816,Sex,Male,All,All,2015/16,Upper second class honours,64595
817,Sex,Male,All,All,2015/16,Lower second class honours,29460
818,Sex,Male,All,All,2015/16,Third class honours/Pass,7300
819,Sex,Male,All,All,2015/16,Unclassified,8540
820,Sex,Male,All,All,2016/17,First class honours,36365
821,Sex,Male,All,All,2016/17,Upper second class honours,66850
822,Sex,Male,All,All,2016/17,Lower second class honours,29245
823,Sex,Male,All,All,2016/17,Third class honours/Pass,7165
824,Sex,Male,All,All,2016/17,Unclassified,8180
825,Sex,Male,All,All,2017/18,First class honours,38730
826,Sex,Male,All,All,2017/18,Upper second class honours,65810
827,Sex,Male,All,All,2017/18,Lower second class honours,27815
828,Sex,Male,All,All,2017/18,Third class honours/Pass,6965
829,Sex,Male,All,All,2017/18,Unclassified,7990
830,Sex,Male,All,All,2018/19,First class honours,38835
831,Sex,Male,All,All,2018/19,Upper second class honours,66235
832,Sex,Male,All,All,2018/19,Lower second class honours,27880
833,Sex,Male,All,All,2018/19,Third class honours/Pass,6900
834,Sex,Male,All,All,2018/19,Unclassified,7840
835,Sex,Male,All,All,2019/20,First class honours,47175
836,Sex,Male,All,All,2019/20,Upper second class honours,63870
837,Sex,Male,All,All,2019/20,Lower second class honours,21455
838,Sex,Male,All,All,2019/20,Third class honours/Pass,4350
839,Sex,Male,All,All,2019/20,Unclassified,6860
840,Sex,Male,Full-time,All,2014/15,First class honours,27880
841,Sex,Male,Full-time,All,2014/15,Upper second class honours,59050
842,Sex,Male,Full-time,All,2014/15,Lower second class honours,26695
843,Sex,Male,Full-time,All,2014/15,Third class honours/Pass,5440
844,Sex,Male,Full-time,All,2014/15,Unclassified,7340
845,Sex,Male,Full-time,All,2015/16,First class honours,29690
846,Sex,Male,Full-time,All,2015/16,Upper second class honours,60540
847,Sex,Male,Full-time,All,2015/16,Lower second class honours,26405
848,Sex,Male,Full-time,All,2015/16,Third class honours/Pass,5455
849,Sex,Male,Full-time,All,2015/16,Unclassified,7150
850,Sex,Male,Full-time,All,2016/17,First class honours,33820
851,Sex,Male,Full-time,All,2016/17,Upper second class honours,62745
852,Sex,Male,Full-time,All,2016/17,Lower second class honours,26165
853,Sex,Male,Full-time,All,2016/17,Third class honours/Pass,5370
854,Sex,Male,Full-time,All,2016/17,Unclassified,7035
855,Sex,Male,Full-time,All,2017/18,First class honours,36310
856,Sex,Male,Full-time,All,2017/18,Upper second class honours,62295
857,Sex,Male,Full-time,All,2017/18,Lower second class honours,25040
858,Sex,Male,Full-time,All,2017/18,Third class honours/Pass,5290
859,Sex,Male,Full-time,All,2017/18,Unclassified,6950
860,Sex,Male,Full-time,All,2018/19,First class honours,36270
861,Sex,Male,Full-time,All,2018/19,Upper second class honours,62550
862,Sex,Male,Full-time,All,2018/19,Lower second class honours,25315
863,Sex,Male,Full-time,All,2018/19,Third class honours/Pass,5345
864,Sex,Male,Full-time,All,2018/19,Unclassified,6920
865,Sex,Male,Full-time,All,2019/20,First class honours,44750
866,Sex,Male,Full-time,All,2019/20,Upper second class honours,60980
867,Sex,Male,Full-time,All,2019/20,Lower second class honours,19375
868,Sex,Male,Full-time,All,2019/20,Third class honours/Pass,3340
869,Sex,Male,Full-time,All,2019/20,Unclassified,6235
870,Sex,Male,Part-time,All,2014/15,First class honours,2490
871,Sex,Male,Part-time,All,2014/15,Upper second class honours,4370
872,Sex,Male,Part-time,All,2014/15,Lower second class honours,3300
873,Sex,Male,Part-time,All,2014/15,Third class honours/Pass,1815
874,Sex,Male,Part-time,All,2014/15,Unclassified,1575
875,Sex,Male,Part-time,All,2015/16,First class honours,2365
876,Sex,Male,Part-time,All,2015/16,Upper second class honours,4055
877,Sex,Male,Part-time,All,2015/16,Lower second class honours,3050
878,Sex,Male,Part-time,All,2015/16,Third class honours/Pass,1845
879,Sex,Male,Part-time,All,2015/16,Unclassified,1390
880,Sex,Male,Part-time,All,2016/17,First class honours,2540
881,Sex,Male,Part-time,All,2016/17,Upper second class honours,4105
882,Sex,Male,Part-time,All,2016/17,Lower second class honours,3080
883,Sex,Male,Part-time,All,2016/17,Third class honours/Pass,1790
884,Sex,Male,Part-time,All,2016/17,Unclassified,1150
885,Sex,Male,Part-time,All,2017/18,First class honours,2425
886,Sex,Male,Part-time,All,2017/18,Upper second class honours,3515
887,Sex,Male,Part-time,All,2017/18,Lower second class honours,2775
888,Sex,Male,Part-time,All,2017/18,Third class honours/Pass,1675
889,Sex,Male,Part-time,All,2017/18,Unclassified,1040
890,Sex,Male,Part-time,All,2018/19,First class honours,2565
891,Sex,Male,Part-time,All,2018/19,Upper second class honours,3685
892,Sex,Male,Part-time,All,2018/19,Lower second class honours,2565
893,Sex,Male,Part-time,All,2018/19,Third class honours/Pass,1550
894,Sex,Male,Part-time,All,2018/19,Unclassified,920
895,Sex,Male,Part-time,All,2019/20,First class honours,2425
896,Sex,Male,Part-time,All,2019/20,Upper second class honours,2890
897,Sex,Male,Part-time,All,2019/20,Lower second class honours,2075
898,Sex,Male,Part-time,All,2019/20,Third class honours/Pass,1010
899,Sex,Male,Part-time,All,2019/20,Unclassified,630
900,Sex,Other,Full-time,England,2014/15,First class honours,10
901,Sex,Other,Full-time,England,2014/15,Upper second class honours,15
902,Sex,Other,Full-time,England,2014/15,Lower second class honours,5
903,Sex,Other,Full-time,England,2014/15,Third class honours/Pass,0
904,Sex,Other,Full-time,England,2014/15,Unclassified,0
905,Sex,Other,Part-time,England,2014/15,First class honours,0
906,Sex,Other,Part-time,England,2014/15,Upper second class honours,0
907,Sex,Other,Part-time,England,2014/15,Lower second class honours,0
908,Sex,Other,Part-time,England,2014/15,Third class honours/Pass,0
909,Sex,Other,Part-time,England,2014/15,Unclassified,0
910,Sex,Other,Full-time,Scotland,2014/15,First class honours,0
911,Sex,Other,Full-time,Scotland,2014/15,Upper second class honours,5
912,Sex,Other,Full-time,Scotland,2014/15,Lower second class honours,0
913,Sex,Other,Full-time,Scotland,2014/15,Third class honours/Pass,0
914,Sex,Other,Full-time,Scotland,2014/15,Unclassified,0
915,Sex,Other,Full-time,Wales,2014/15,First class honours,0
916,Sex,Other,Full-time,Wales,2014/15,Upper second class honours,0
917,Sex,Other,Full-time,Wales,2014/15,Lower second class honours,0
918,Sex,Other,Full-time,Wales,2014/15,Third class honours/Pass,0
919,Sex,Other,Full-time,Wales,2014/15,Unclassified,0
920,Sex,Other,Full-time,England,2015/16,First class honours,10
921,Sex,Other,Full-time,England,2015/16,Upper second class honours,25
922,Sex,Other,Full-time,England,2015/16,Lower second class honours,0
923,Sex,Other,Full-time,England,2015/16,Third class honours/Pass,0
924,Sex,Other,Full-time,England,2015/16,Unclassified,5
925,Sex,Other,Part-time,England,2015/16,First class honours,0
926,Sex,Other,Part-time,England,2015/16,Upper second class honours,0
927,Sex,Other,Part-time,England,2015/16,Lower second class honours,0
928,Sex,Other,Part-time,England,2015/16,Third class honours/Pass,0
929,Sex,Other,Part-time,England,2015/16,Unclassified,0
930,Sex,Other,Full-time,Scotland,2015/16,First class honours,0
931,Sex,Other,Full-time,Scotland,2015/16,Upper second class honours,5
932,Sex,Other,Full-time,Scotland,2015/16,Lower second class honours,5
933,Sex,Other,Full-time,Scotland,2015/16,Third class honours/Pass,0
934,Sex,Other,Full-time,Scotland,2015/16,Unclassified,0
935,Sex,Other,Full-time,Wales,2015/16,First class honours,5
936,Sex,Other,Full-time,Wales,2015/16,Upper second class honours,5
937,Sex,Other,Full-time,Wales,2015/16,Lower second class honours,5
938,Sex,Other,Full-time,Wales,2015/16,Third class honours/Pass,0
939,Sex,Other,Full-time,Wales,2015/16,Unclassified,0
940,Sex,Other,Full-time,England,2016/17,First class honours,25
941,Sex,Other,Full-time,England,2016/17,Upper second class honours,30
942,Sex,Other,Full-time,England,2016/17,Lower second class honours,5
943,Sex,Other,Full-time,England,2016/17,Third class honours/Pass,0
944,Sex,Other,Full-time,England,2016/17,Unclassified,0
945,Sex,Other,Part-time,England,2016/17,First class honours,0
946,Sex,Other,Part-time,England,2016/17,Upper second class honours,0
947,Sex,Other,Part-time,England,2016/17,Lower second class honours,0
948,Sex,Other,Part-time,England,2016/17,Third class honours/Pass,0
949,Sex,Other,Part-time,England,2016/17,Unclassified,0
950,Sex,Other,Full-time,Scotland,2016/17,First class honours,5
951,Sex,Other,Full-time,Scotland,2016/17,Upper second class honours,5
952,Sex,Other,Full-time,Scotland,2016/17,Lower second class honours,0
953,Sex,Other,Full-time,Scotland,2016/17,Third class honours/Pass,0
954,Sex,Other,Full-time,Scotland,2016/17,Unclassified,5
955,Sex,Other,Part-time,Scotland,2016/17,First class honours,0
956,Sex,Other,Part-time,Scotland,2016/17,Upper second class honours,0
957,Sex,Other,Part-time,Scotland,2016/17,Lower second class honours,0
958,Sex,Other,Part-time,Scotland,2016/17,Third class honours/Pass,0
959,Sex,Other,Part-time,Scotland,2016/17,Unclassified,0
960,Sex,Other,Full-time,Wales,2016/17,First class honours,0
961,Sex,Other,Full-time,Wales,2016/17,Upper second class honours,5
962,Sex,Other,Full-time,Wales,2016/17,Lower second class honours,0
963,Sex,Other,Full-time,Wales,2016/17,Third class honours/Pass,0
964,Sex,Other,Full-time,Wales,2016/17,Unclassified,0
965,Sex,Other,Part-time,Wales,2016/17,First class honours,0
966,Sex,Other,Part-time,Wales,2016/17,Upper second class honours,0
967,Sex,Other,Part-time,Wales,2016/17,Lower second class honours,0
968,Sex,Other,Part-time,Wales,2016/17,Third class honours/Pass,0
969,Sex,Other,Part-time,Wales,2016/17,Unclassified,0
970,Sex,Other,Full-time,England,2017/18,First class honours,35
971,Sex,Other,Full-time,England,2017/18,Upper second class honours,50
972,Sex,Other,Full-time,England,2017/18,Lower second class honours,20
973,Sex,Other,Full-time,England,2017/18,Third class honours/Pass,5
974,Sex,Other,Full-time,England,2017/18,Unclassified,0
975,Sex,Other,Part-time,England,2017/18,First class honours,0
976,Sex,Other,Part-time,England,2017/18,Upper second class honours,0
977,Sex,Other,Part-time,England,2017/18,Lower second class honours,0
978,Sex,Other,Part-time,England,2017/18,Third class honours/Pass,0
979,Sex,Other,Part-time,England,2017/18,Unclassified,0
980,Sex,Other,Full-time,Scotland,2017/18,First class honours,5
981,Sex,Other,Full-time,Scotland,2017/18,Upper second class honours,10
982,Sex,Other,Full-time,Scotland,2017/18,Lower second class honours,0
983,Sex,Other,Full-time,Scotland,2017/18,Third class honours/Pass,0
984,Sex,Other,Full-time,Scotland,2017/18,Unclassified,5
985,Sex,Other,Part-time,Scotland,2017/18,First class honours,0
986,Sex,Other,Part-time,Scotland,2017/18,Upper second class honours,0
987,Sex,Other,Part-time,Scotland,2017/18,Lower second class honours,0
988,Sex,Other,Part-time,Scotland,2017/18,Third class honours/Pass,0
989,Sex,Other,Part-time,Scotland,2017/18,Unclassified,0
990,Sex,Other,Full-time,Wales,2017/18,First class honours,5
991,Sex,Other,Full-time,Wales,2017/18,Upper second class honours,10
992,Sex,Other,Full-time,Wales,2017/18,Lower second class honours,0
993,Sex,Other,Full-time,Wales,2017/18,Third class honours/Pass,0
994,Sex,Other,Full-time,Wales,2017/18,Unclassified,0
995,Sex,Other,Full-time,England,2018/19,First class honours,50
996,Sex,Other,Full-time,England,2018/19,Upper second class honours,70
997,Sex,Other,Full-time,England,2018/19,Lower second class honours,20
998,Sex,Other,Full-time,England,2018/19,Third class honours/Pass,10
999,Sex,Other,Full-time,England,2018/19,Unclassified,0
1000,Sex,Other,Part-time,England,2018/19,First class honours,5
1001,Sex,Other,Part-time,England,2018/19,Upper second class honours,5
1002,Sex,Other,Part-time,England,2018/19,Lower second class honours,0
1003,Sex,Other,Part-time,England,2018/19,Third class honours/Pass,0
1004,Sex,Other,Part-time,England,2018/19,Unclassified,0
1005,Sex,Other,Full-time,Scotland,2018/19,First class honours,15
1006,Sex,Other,Full-time,Scotland,2018/19,Upper second class honours,15
1007,Sex,Other,Full-time,Scotland,2018/19,Lower second class honours,10
1008,Sex,Other,Full-time,Scotland,2018/19,Third class honours/Pass,0
1009,Sex,Other,Full-time,Scotland,2018/19,Unclassified,5
1010,Sex,Other,Part-time,Scotland,2018/19,First class honours,0
1011,Sex,Other,Part-time,Scotland,2018/19,Upper second class honours,0
1012,Sex,Other,Part-time,Scotland,2018/19,Lower second class honours,0
1013,Sex,Other,Part-time,Scotland,2018/19,Third class honours/Pass,0
1014,Sex,Other,Part-time,Scotland,2018/19,Unclassified,0
1015,Sex,Other,Full-time,Wales,2018/19,First class honours,5
1016,Sex,Other,Full-time,Wales,2018/19,Upper second class honours,5
1017,Sex,Other,Full-time,Wales,2018/19,Lower second class honours,5
1018,Sex,Other,Full-time,Wales,2018/19,Third class honours/Pass,0
1019,Sex,Other,Full-time,Wales,2018/19,Unclassified,0
1020,Sex,Other,Part-time,Wales,2018/19,First class honours,0
1021,Sex,Other,Part-time,Wales,2018/19,Upper second class honours,0
1022,Sex,Other,Part-time,Wales,2018/19,Lower second class honours,0
1023,Sex,Other,Part-time,Wales,2018/19,Third class honours/Pass,0
1024,Sex,Other,Part-time,Wales,2018/19,Unclassified,0
1025,Sex,Other,Full-time,England,2019/20,First class honours,95
1026,Sex,Other,Full-time,England,2019/20,Upper second class honours,95
1027,Sex,Other,Full-time,England,2019/20,Lower second class honours,30
1028,Sex,Other,Full-time,England,2019/20,Third class honours/Pass,0
1029,Sex,Other,Full-time,England,2019/20,Unclassified,5
1030,Sex,Other,Part-time,England,2019/20,First class honours,0
1031,Sex,Other,Part-time,England,2019/20,Upper second class honours,0
1032,Sex,Other,Part-time,England,2019/20,Lower second class honours,0
1033,Sex,Other,Part-time,England,2019/20,Third class honours/Pass,0
1034,Sex,Other,Part-time,England,2019/20,Unclassified,0
1035,Sex,Other,Full-time,Scotland,2019/20,First class honours,5
1036,Sex,Other,Full-time,Scotland,2019/20,Upper second class honours,15
1037,Sex,Other,Full-time,Scotland,2019/20,Lower second class honours,5
1038,Sex,Other,Full-time,Scotland,2019/20,Third class honours/Pass,5
1039,Sex,Other,Full-time,Scotland,2019/20,Unclassified,0
1040,Sex,Other,Part-time,Scotland,2019/20,First class honours,0
1041,Sex,Other,Part-time,Scotland,2019/20,Upper second class honours,0
1042,Sex,Other,Part-time,Scotland,2019/20,Lower second class honours,0
1043,Sex,Other,Part-time,Scotland,2019/20,Third class honours/Pass,0
1044,Sex,Other,Part-time,Scotland,2019/20,Unclassified,0
1045,Sex,Other,Full-time,Wales,2019/20,First class honours,10
1046,Sex,Other,Full-time,Wales,2019/20,Upper second class honours,10
1047,Sex,Other,Full-time,Wales,2019/20,Lower second class honours,5
1048,Sex,Other,Full-time,Wales,2019/20,Third class honours/Pass,0
1049,Sex,Other,Full-time,Wales,2019/20,Unclassified,0
1050,Sex,Other,All,England,2014/15,First class honours,10
1051,Sex,Other,All,England,2014/15,Upper second class honours,15
1052,Sex,Other,All,England,2014/15,Lower second class honours,5
1053,Sex,Other,All,England,2014/15,Third class honours/Pass,0
1054,Sex,Other,All,England,2014/15,Unclassified,0
1055,Sex,Other,All,Scotland,2014/15,First class honours,0
1056,Sex,Other,All,Scotland,2014/15,Upper second class honours,5
1057,Sex,Other,All,Scotland,2014/15,Lower second class honours,0
1058,Sex,Other,All,Scotland,2014/15,Third class honours/Pass,0
1059,Sex,Other,All,Scotland,2014/15,Unclassified,0
1060,Sex,Other,All,Wales,2014/15,First class honours,0
1061,Sex,Other,All,Wales,2014/15,Upper second class honours,0
1062,Sex,Other,All,Wales,2014/15,Lower second class honours,0
1063,Sex,Other,All,Wales,2014/15,Third class honours/Pass,0
1064,Sex,Other,All,Wales,2014/15,Unclassified,0
1065,Sex,Other,All,England,2015/16,First class honours,10
1066,Sex,Other,All,England,2015/16,Upper second class honours,25
1067,Sex,Other,All,England,2015/16,Lower second class honours,0
1068,Sex,Other,All,England,2015/16,Third class honours/Pass,5
1069,Sex,Other,All,England,2015/16,Unclassified,5
1070,Sex,Other,All,Scotland,2015/16,First class honours,0
1071,Sex,Other,All,Scotland,2015/16,Upper second class honours,5
1072,Sex,Other,All,Scotland,2015/16,Lower second class honours,5
1073,Sex,Other,All,Scotland,2015/16,Third class honours/Pass,0
1074,Sex,Other,All,Scotland,2015/16,Unclassified,0
1075,Sex,Other,All,Wales,2015/16,First class honours,5
1076,Sex,Other,All,Wales,2015/16,Upper second class honours,5
1077,Sex,Other,All,Wales,2015/16,Lower second class honours,5
1078,Sex,Other,All,Wales,2015/16,Third class honours/Pass,0
1079,Sex,Other,All,Wales,2015/16,Unclassified,0
1080,Sex,Other,All,England,2016/17,First class honours,25
1081,Sex,Other,All,England,2016/17,Upper second class honours,30
1082,Sex,Other,All,England,2016/17,Lower second class honours,5
1083,Sex,Other,All,England,2016/17,Third class honours/Pass,0
1084,Sex,Other,All,England,2016/17,Unclassified,0
1085,Sex,Other,All,Scotland,2016/17,First class honours,5
1086,Sex,Other,All,Scotland,2016/17,Upper second class honours,5
1087,Sex,Other,All,Scotland,2016/17,Lower second class honours,0
1088,Sex,Other,All,Scotland,2016/17,Third class honours/Pass,0
1089,Sex,Other,All,Scotland,2016/17,Unclassified,5
1090,Sex,Other,All,Wales,2016/17,First class honours,0
1091,Sex,Other,All,Wales,2016/17,Upper second class honours,5
1092,Sex,Other,All,Wales,2016/17,Lower second class honours,0
1093,Sex,Other,All,Wales,2016/17,Third class honours/Pass,0
1094,Sex,Other,All,Wales,2016/17,Unclassified,0
1095,Sex,Other,All,England,2017/18,First class honours,40
1096,Sex,Other,All,England,2017/18,Upper second class honours,50
1097,Sex,Other,All,England,2017/18,Lower second class honours,20
1098,Sex,Other,All,England,2017/18,Third class honours/Pass,5
1099,Sex,Other,All,England,2017/18,Unclassified,0
1100,Sex,Other,All,Scotland,2017/18,First class honours,5
1101,Sex,Other,All,Scotland,2017/18,Upper second class honours,10
1102,Sex,Other,All,Scotland,2017/18,Lower second class honours,0
1103,Sex,Other,All,Scotland,2017/18,Third class honours/Pass,0
1104,Sex,Other,All,Scotland,2017/18,Unclassified,5
1105,Sex,Other,All,Wales,2017/18,First class honours,5
1106,Sex,Other,All,Wales,2017/18,Upper second class honours,10
1107,Sex,Other,All,Wales,2017/18,Lower second class honours,0
1108,Sex,Other,All,Wales,2017/18,Third class honours/Pass,0
1109,Sex,Other,All,Wales,2017/18,Unclassified,0
1110,Sex,Other,All,England,2018/19,First class honours,50
1111,Sex,Other,All,England,2018/19,Upper second class honours,75
1112,Sex,Other,All,England,2018/19,Lower second class honours,25
1113,Sex,Other,All,England,2018/19,Third class honours/Pass,10
1114,Sex,Other,All,England,2018/19,Unclassified,0
1115,Sex,Other,All,Scotland,2018/19,First class honours,15
1116,Sex,Other,All,Scotland,2018/19,Upper second class honours,15
1117,Sex,Other,All,Scotland,2018/19,Lower second class honours,10
1118,Sex,Other,All,Scotland,2018/19,Third class honours/Pass,0
1119,Sex,Other,All,Scotland,2018/19,Unclassified,5
1120,Sex,Other,All,Wales,2018/19,First class honours,5
1121,Sex,Other,All,Wales,2018/19,Upper second class honours,5
1122,Sex,Other,All,Wales,2018/19,Lower second class honours,5
1123,Sex,Other,All,Wales,2018/19,Third class honours/Pass,0
1124,Sex,Other,All,Wales,2018/19,Unclassified,0
1125,Sex,Other,All,England,2019/20,First class honours,100
1126,Sex,Other,All,England,2019/20,Upper second class honours,95
1127,Sex,Other,All,England,2019/20,Lower second class honours,35
1128,Sex,Other,All,England,2019/20,Third class honours/Pass,0
1129,Sex,Other,All,England,2019/20,Unclassified,5
1130,Sex,Other,All,Scotland,2019/20,First class honours,5
1131,Sex,Other,All,Scotland,2019/20,Upper second class honours,15
1132,Sex,Other,All,Scotland,2019/20,Lower second class honours,5
1133,Sex,Other,All,Scotland,2019/20,Third class honours/Pass,5
1134,Sex,Other,All,Scotland,2019/20,Unclassified,5
1135,Sex,Other,All,Wales,2019/20,First class honours,10
1136,Sex,Other,All,Wales,2019/20,Upper second class honours,10
1137,Sex,Other,All,Wales,2019/20,Lower second class honours,5
1138,Sex,Other,All,Wales,2019/20,Third class honours/Pass,0
1139,Sex,Other,All,Wales,2019/20,Unclassified,0
1140,Sex,Other,All,All,2014/15,First class honours,10
1141,Sex,Other,All,All,2014/15,Upper second class honours,20
1142,Sex,Other,All,All,2014/15,Lower second class honours,5
1143,Sex,Other,All,All,2014/15,Third class honours/Pass,0
1144,Sex,Other,All,All,2014/15,Unclassified,0
1145,Sex,Other,All,All,2015/16,First class honours,15
1146,Sex,Other,All,All,2015/16,Upper second class honours,35
1147,Sex,Other,All,All,2015/16,Lower second class honours,10
1148,Sex,Other,All,All,2015/16,Third class honours/Pass,5
1149,Sex,Other,All,All,2015/16,Unclassified,5
1150,Sex,Other,All,All,2016/17,First class honours,25
1151,Sex,Other,All,All,2016/17,Upper second class honours,40
1152,Sex,Other,All,All,2016/17,Lower second class honours,10
1153,Sex,Other,All,All,2016/17,Third class honours/Pass,0
1154,Sex,Other,All,All,2016/17,Unclassified,5
1155,Sex,Other,All,All,2017/18,First class honours,50
1156,Sex,Other,All,All,2017/18,Upper second class honours,70
1157,Sex,Other,All,All,2017/18,Lower second class honours,25
1158,Sex,Other,All,All,2017/18,Third class honours/Pass,5
1159,Sex,Other,All,All,2017/18,Unclassified,5
1160,Sex,Other,All,All,2018/19,First class honours,75
1161,Sex,Other,All,All,2018/19,Upper second class honours,95
1162,Sex,Other,All,All,2018/19,Lower second class honours,40
1163,Sex,Other,All,All,2018/19,Third class honours/Pass,10
1164,Sex,Other,All,All,2018/19,Unclassified,10
1165,Sex,Other,All,All,2019/20,First class honours,115
1166,Sex,Other,All,All,2019/20,Upper second class honours,120
1167,Sex,Other,All,All,2019/20,Lower second class honours,45
1168,Sex,Other,All,All,2019/20,Third class honours/Pass,10
1169,Sex,Other,All,All,2019/20,Unclassified,10
1170,Sex,Other,Full-time,All,2014/15,First class honours,10
1171,Sex,Other,Full-time,All,2014/15,Upper second class honours,20
1172,Sex,Other,Full-time,All,2014/15,Lower second class honours,5
1173,Sex,Other,Full-time,All,2014/15,Third class honours/Pass,0
1174,Sex,Other,Full-time,All,2014/15,Unclassified,0
1175,Sex,Other,Full-time,All,2015/16,First class honours,15
1176,Sex,Other,Full-time,All,2015/16,Upper second class honours,35
1177,Sex,Other,Full-time,All,2015/16,Lower second class honours,10
1178,Sex,Other,Full-time,All,2015/16,Third class honours/Pass,5
1179,Sex,Other,Full-time,All,2015/16,Unclassified,5
1180,Sex,Other,Full-time,All,2016/17,First class honours,25
1181,Sex,Other,Full-time,All,2016/17,Upper second class honours,35
1182,Sex,Other,Full-time,All,2016/17,Lower second class honours,10
1183,Sex,Other,Full-time,All,2016/17,Third class honours/Pass,0
1184,Sex,Other,Full-time,All,2016/17,Unclassified,5
1185,Sex,Other,Full-time,All,2017/18,First class honours,45
1186,Sex,Other,Full-time,All,2017/18,Upper second class honours,70
1187,Sex,Other,Full-time,All,2017/18,Lower second class honours,25
1188,Sex,Other,Full-time,All,2017/18,Third class honours/Pass,5
1189,Sex,Other,Full-time,All,2017/18,Unclassified,5
1190,Sex,Other,Full-time,All,2018/19,First class honours,70
1191,Sex,Other,Full-time,All,2018/19,Upper second class honours,90
1192,Sex,Other,Full-time,All,2018/19,Lower second class honours,35
1193,Sex,Other,Full-time,All,2018/19,Third class honours/Pass,10
1194,Sex,Other,Full-time,All,2018/19,Unclassified,10
1195,Sex,Other,Full-time,All,2019/20,First class honours,115
1196,Sex,Other,Full-time,All,2019/20,Upper second class honours,115
1197,Sex,Other,Full-time,All,2019/20,Lower second class honours,45
1198,Sex,Other,Full-time,All,2019/20,Third class honours/Pass,5
1199,Sex,Other,Full-time,All,2019/20,Unclassified,10
1200,Sex,Other,Part-time,All,2014/15,First class honours,0
1201,Sex,Other,Part-time,All,2014/15,Upper second class honours,0
1202,Sex,Other,Part-time,All,2014/15,Lower second class honours,0
1203,Sex,Other,Part-time,All,2014/15,Third class honours/Pass,0
1204,Sex,Other,Part-time,All,2014/15,Unclassified,0
1205,Sex,Other,Part-time,All,2015/16,First class honours,0
1206,Sex,Other,Part-time,All,2015/16,Upper second class honours,0
1207,Sex,Other,Part-time,All,2015/16,Lower second class honours,0
1208,Sex,Other,Part-time,All,2015/16,Third class honours/Pass,0
1209,Sex,Other,Part-time,All,2015/16,Unclassified,0
1210,Sex,Other,Part-time,All,2016/17,First class honours,0
1211,Sex,Other,Part-time,All,2016/17,Upper second class honours,0
1212,Sex,Other,Part-time,All,2016/17,Lower second class honours,0
1213,Sex,Other,Part-time,All,2016/17,Third class honours/Pass,0
1214,Sex,Other,Part-time,All,2016/17,Unclassified,0
1215,Sex,Other,Part-time,All,2017/18,First class honours,0
1216,Sex,Other,Part-time,All,2017/18,Upper second class honours,0
1217,Sex,Other,Part-time,All,2017/18,Lower second class honours,0
1218,Sex,Other,Part-time,All,2017/18,Third class honours/Pass,0
1219,Sex,Other,Part-time,All,2017/18,Unclassified,0
1220,Sex,Other,Part-time,All,2018/19,First class honours,5
1221,Sex,Other,Part-time,All,2018/19,Upper second class honours,5
1222,Sex,Other,Part-time,All,2018/19,Lower second class honours,0
1223,Sex,Other,Part-time,All,2018/19,Third class honours/Pass,0
1224,Sex,Other,Part-time,All,2018/19,Unclassified,0
1225,Sex,Other,Part-time,All,2019/20,First class honours,0
1226,Sex,Other,Part-time,All,2019/20,Upper second class honours,0
1227,Sex,Other,Part-time,All,2019/20,Lower second class honours,0
1228,Sex,Other,Part-time,All,2019/20,Third class honours/Pass,0
1229,Sex,Other,Part-time,All,2019/20,Unclassified,0
7180,Sex,Not known,Full-time,England,2015/16,First class honours,10
7181,Sex,Not known,Full-time,England,2015/16,Upper second class honours,20
7182,Sex,Not known,Full-time,England,2015/16,Lower second class honours,5
7183,Sex,Not known,Full-time,England,2015/16,Third class honours/Pass,5
7184,Sex,Not known,Full-time,England,2015/16,Unclassified,0
7185,Sex,Not known,Full-time,England,2016/17,First class honours,5
7186,Sex,Not known,Full-time,England,2016/17,Upper second class honours,15
7187,Sex,Not known,Full-time,England,2016/17,Lower second class honours,0
7188,Sex,Not known,Full-time,England,2016/17,Third class honours/Pass,0
7189,Sex,Not known,Full-time,England,2016/17,Unclassified,0
7190,Sex,Not known,Full-time,England,2017/18,First class honours,5
7191,Sex,Not known,Full-time,England,2017/18,Upper second class honours,5
7192,Sex,Not known,Full-time,England,2017/18,Lower second class honours,5
7193,Sex,Not known,Full-time,England,2017/18,Third class honours/Pass,5
7194,Sex,Not known,Full-time,England,2017/18,Unclassified,0
7195,Sex,Not known,Full-time,England,2018/19,First class honours,0
7196,Sex,Not known,Full-time,England,2018/19,Upper second class honours,0
7197,Sex,Not known,Full-time,England,2018/19,Lower second class honours,0
7198,Sex,Not known,Full-time,England,2018/19,Third class honours/Pass,0
7199,Sex,Not known,Full-time,England,2018/19,Unclassified,0
7200,Sex,Not known,All,England,2015/16,First class honours,10
7201,Sex,Not known,All,England,2015/16,Upper second class honours,20
7202,Sex,Not known,All,England,2015/16,Lower second class honours,5
7203,Sex,Not known,All,England,2015/16,Third class honours/Pass,5
7204,Sex,Not known,All,England,2015/16,Unclassified,0
7205,Sex,Not known,All,England,2016/17,First class honours,5
7206,Sex,Not known,All,England,2016/17,Upper second class honours,15
7207,Sex,Not known,All,England,2016/17,Lower second class honours,0
7208,Sex,Not known,All,England,2016/17,Third class honours/Pass,0
7209,Sex,Not known,All,England,2016/17,Unclassified,0
7210,Sex,Not known,All,England,2017/18,First class honours,5
7211,Sex,Not known,All,England,2017/18,Upper second class honours,5
7212,Sex,Not known,All,England,2017/18,Lower second class honours,5
7213,Sex,Not known,All,England,2017/18,Third class honours/Pass,5
7214,Sex,Not known,All,England,2017/18,Unclassified,0
7215,Sex,Not known,All,England,2018/19,First class honours,0
7216,Sex,Not known,All,England,2018/19,Upper second class honours,0
7217,Sex,Not known,All,England,2018/19,Lower second class honours,0
7218,Sex,Not known,All,England,2018/19,Third class honours/Pass,0
7219,Sex,Not known,All,England,2018/19,Unclassified,0
7220,Sex,Not known,All,All,2015/16,First class honours,10
7221,Sex,Not known,All,All,2015/16,Upper second class honours,20
7222,Sex,Not known,All,All,2015/16,Lower second class honours,5
7223,Sex,Not known,All,All,2015/16,Third class honours/Pass,5
7224,Sex,Not known,All,All,2015/16,Unclassified,0
7225,Sex,Not known,All,All,2016/17,First class honours,5
7226,Sex,Not known,All,All,2016/17,Upper second class honours,15
7227,Sex,Not known,All,All,2016/17,Lower second class honours,0
7228,Sex,Not known,All,All,2016/17,Third class honours/Pass,0
7229,Sex,Not known,All,All,2016/17,Unclassified,0
7230,Sex,Not known,All,All,2017/18,First class honours,5
7231,Sex,Not known,All,All,2017/18,Upper second class honours,5
7232,Sex,Not known,All,All,2017/18,Lower second class honours,5
7233,Sex,Not known,All,All,2017/18,Third class honours/Pass,5
7234,Sex,Not known,All,All,2017/18,Unclassified,0
7235,Sex,Not known,All,All,2018/19,First class honours,0
7236,Sex,Not known,All,All,2018/19,Upper second class honours,0
7237,Sex,Not known,All,All,2018/19,Lower second class honours,0
7238,Sex,Not known,All,All,2018/19,Third class honours/Pass,0
7239,Sex,Not known,All,All,2018/19,Unclassified,0
7240,Sex,Not known,Full-time,All,2015/16,First class honours,10
7241,Sex,Not known,Full-time,All,2015/16,Upper second class honours,20
7242,Sex,Not known,Full-time,All,2015/16,Lower second class honours,5
7243,Sex,Not known,Full-time,All,2015/16,Third class honours/Pass,5
7244,Sex,Not known,Full-time,All,2015/16,Unclassified,0
7245,Sex,Not known,Full-time,All,2016/17,First class honours,5
7246,Sex,Not known,Full-time,All,2016/17,Upper second class honours,15
7247,Sex,Not known,Full-time,All,2016/17,Lower second class honours,0
7248,Sex,Not known,Full-time,All,2016/17,Third class honours/Pass,0
7249,Sex,Not known,Full-time,All,2016/17,Unclassified,0
7250,Sex,Not known,Full-time,All,2017/18,First class honours,5
7251,Sex,Not known,Full-time,All,2017/18,Upper second class honours,5
7252,Sex,Not known,Full-time,All,2017/18,Lower second class honours,5
7253,Sex,Not known,Full-time,All,2017/18,Third class honours/Pass,5
7254,Sex,Not known,Full-time,All,2017/18,Unclassified,0
7255,Sex,Not known,Full-time,All,2018/19,First class honours,0
7256,Sex,Not known,Full-time,All,2018/19,Upper second class honours,0
7257,Sex,Not known,Full-time,All,2018/19,Lower second class honours,0
7258,Sex,Not known,Full-time,All,2018/19,Third class honours/Pass,0
7259,Sex,Not known,Full-time,All,2018/19,Unclassified,0
