,Sex,Mode of study,Country of HE provider,Academic year,Classification of first degree,Number
0,Female,Full-time,England,2014/15,First class honours,31210
1,Female,Full-time,England,2014/15,Upper second class honours,73215
2,Female,Full-time,England,2014/15,Lower second class honours,26570
3,Female,Full-time,England,2014/15,Third class honours/Pass,4620
4,Female,Full-time,England,2014/15,Unclassified,4825
5,Female,Part-time,England,2014/15,First class honours,2695
6,Female,Part-time,England,2014/15,Upper second class honours,6230
7,Female,Part-time,England,2014/15,Lower second class honours,4950
8,Female,Part-time,England,2014/15,Third class honours/Pass,2610
9,Female,Part-time,England,2014/15,Unclassified,1330
10,Female,Full-time,Northern Ireland,2014/15,First class honours,885
11,Female,Full-time,Northern Ireland,2014/15,Upper second class honours,2380
12,Female,Full-time,Northern Ireland,2014/15,Lower second class honours,840
13,Female,Full-time,Northern Ireland,2014/15,Third class honours/Pass,95
14,Female,Full-time,Northern Ireland,2014/15,Unclassified,150
15,Female,Part-time,Northern Ireland,2014/15,First class honours,55
16,Female,Part-time,Northern Ireland,2014/15,Upper second class honours,220
17,Female,Part-time,Northern Ireland,2014/15,Lower second class honours,170
18,Female,Part-time,Northern Ireland,2014/15,Third class honours/Pass,35
19,Female,Part-time,Northern Ireland,2014/15,Unclassified,15
20,Female,Full-time,Scotland,2014/15,First class honours,2395
21,Female,Full-time,Scotland,2014/15,Upper second class honours,6385
22,Female,Full-time,Scotland,2014/15,Lower second class honours,2070
23,Female,Full-time,Scotland,2014/15,Third class honours/Pass,260
24,Female,Full-time,Scotland,2014/15,Unclassified,4705
25,Female,Part-time,Scotland,2014/15,First class honours,105
26,Female,Part-time,Scotland,2014/15,Upper second class honours,230
27,Female,Part-time,Scotland,2014/15,Lower second class honours,170
28,Female,Part-time,Scotland,2014/15,Third class honours/Pass,85
29,Female,Part-time,Scotland,2014/15,Unclassified,1225
30,Female,Full-time,Wales,2014/15,First class honours,2030
31,Female,Full-time,Wales,2014/15,Upper second class honours,4830
32,Female,Full-time,Wales,2014/15,Lower second class honours,2180
33,Female,Full-time,Wales,2014/15,Third class honours/Pass,350
34,Female,Full-time,Wales,2014/15,Unclassified,290
35,Female,Part-time,Wales,2014/15,First class honours,140
36,Female,Part-time,Wales,2014/15,Upper second class honours,265
37,Female,Part-time,Wales,2014/15,Lower second class honours,230
38,Female,Part-time,Wales,2014/15,Third class honours/Pass,100
39,Female,Part-time,Wales,2014/15,Unclassified,75
40,Female,Full-time,England,2015/16,First class honours,34940
41,Female,Full-time,England,2015/16,Upper second class honours,75170
42,Female,Full-time,England,2015/16,Lower second class honours,26535
43,Female,Full-time,England,2015/16,Third class honours/Pass,4680
44,Female,Full-time,England,2015/16,Unclassified,4855
45,Female,Part-time,England,2015/16,First class honours,2450
46,Female,Part-time,England,2015/16,Upper second class honours,5440
47,Female,Part-time,England,2015/16,Lower second class honours,4465
48,Female,Part-time,England,2015/16,Third class honours/Pass,2465
49,Female,Part-time,England,2015/16,Unclassified,1145
50,Female,Full-time,Northern Ireland,2015/16,First class honours,1065
51,Female,Full-time,Northern Ireland,2015/16,Upper second class honours,2490
52,Female,Full-time,Northern Ireland,2015/16,Lower second class honours,815
53,Female,Full-time,Northern Ireland,2015/16,Third class honours/Pass,80
54,Female,Full-time,Northern Ireland,2015/16,Unclassified,155
55,Female,Part-time,Northern Ireland,2015/16,First class honours,65
56,Female,Part-time,Northern Ireland,2015/16,Upper second class honours,220
57,Female,Part-time,Northern Ireland,2015/16,Lower second class honours,115
58,Female,Part-time,Northern Ireland,2015/16,Third class honours/Pass,40
59,Female,Part-time,Northern Ireland,2015/16,Unclassified,20
60,Female,Full-time,Scotland,2015/16,First class honours,2750
61,Female,Full-time,Scotland,2015/16,Upper second class honours,6775
62,Female,Full-time,Scotland,2015/16,Lower second class honours,2015
63,Female,Full-time,Scotland,2015/16,Third class honours/Pass,260
64,Female,Full-time,Scotland,2015/16,Unclassified,4670
65,Female,Part-time,Scotland,2015/16,First class honours,105
66,Female,Part-time,Scotland,2015/16,Upper second class honours,255
67,Female,Part-time,Scotland,2015/16,Lower second class honours,185
68,Female,Part-time,Scotland,2015/16,Third class honours/Pass,100
69,Female,Part-time,Scotland,2015/16,Unclassified,910
70,Female,Full-time,Wales,2015/16,First class honours,2220
71,Female,Full-time,Wales,2015/16,Upper second class honours,4765
72,Female,Full-time,Wales,2015/16,Lower second class honours,1875
73,Female,Full-time,Wales,2015/16,Third class honours/Pass,285
74,Female,Full-time,Wales,2015/16,Unclassified,235
75,Female,Part-time,Wales,2015/16,First class honours,115
76,Female,Part-time,Wales,2015/16,Upper second class honours,220
77,Female,Part-time,Wales,2015/16,Lower second class honours,145
78,Female,Part-time,Wales,2015/16,Third class honours/Pass,60
79,Female,Part-time,Wales,2015/16,Unclassified,60
80,Female,Full-time,England,2016/17,First class honours,40380
81,Female,Full-time,England,2016/17,Upper second class honours,76770
82,Female,Full-time,England,2016/17,Lower second class honours,25590
83,Female,Full-time,England,2016/17,Third class honours/Pass,4975
84,Female,Full-time,England,2016/17,Unclassified,4515
85,Female,Part-time,England,2016/17,First class honours,2535
86,Female,Part-time,England,2016/17,Upper second class honours,5185
87,Female,Part-time,England,2016/17,Lower second class honours,4260
88,Female,Part-time,England,2016/17,Third class honours/Pass,2440
89,Female,Part-time,England,2016/17,Unclassified,1030
90,Female,Full-time,Northern Ireland,2016/17,First class honours,1110
91,Female,Full-time,Northern Ireland,2016/17,Upper second class honours,2530
92,Female,Full-time,Northern Ireland,2016/17,Lower second class honours,810
93,Female,Full-time,Northern Ireland,2016/17,Third class honours/Pass,55
94,Female,Full-time,Northern Ireland,2016/17,Unclassified,150
95,Female,Part-time,Northern Ireland,2016/17,First class honours,60
96,Female,Part-time,Northern Ireland,2016/17,Upper second class honours,215
97,Female,Part-time,Northern Ireland,2016/17,Lower second class honours,125
98,Female,Part-time,Northern Ireland,2016/17,Third class honours/Pass,40
99,Female,Part-time,Northern Ireland,2016/17,Unclassified,15
100,Female,Full-time,Scotland,2016/17,First class honours,2865
101,Female,Full-time,Scotland,2016/17,Upper second class honours,6960
102,Female,Full-time,Scotland,2016/17,Lower second class honours,1885
103,Female,Full-time,Scotland,2016/17,Third class honours/Pass,300
104,Female,Full-time,Scotland,2016/17,Unclassified,4830
105,Female,Part-time,Scotland,2016/17,First class honours,115
106,Female,Part-time,Scotland,2016/17,Upper second class honours,285
107,Female,Part-time,Scotland,2016/17,Lower second class honours,210
108,Female,Part-time,Scotland,2016/17,Third class honours/Pass,100
109,Female,Part-time,Scotland,2016/17,Unclassified,820
110,Female,Full-time,Wales,2016/17,First class honours,2605
111,Female,Full-time,Wales,2016/17,Upper second class honours,4885
112,Female,Full-time,Wales,2016/17,Lower second class honours,1815
113,Female,Full-time,Wales,2016/17,Third class honours/Pass,300
114,Female,Full-time,Wales,2016/17,Unclassified,275
115,Female,Part-time,Wales,2016/17,First class honours,120
116,Female,Part-time,Wales,2016/17,Upper second class honours,215
117,Female,Part-time,Wales,2016/17,Lower second class honours,150
118,Female,Part-time,Wales,2016/17,Third class honours/Pass,65
119,Female,Part-time,Wales,2016/17,Unclassified,45
120,Female,Full-time,England,2017/18,First class honours,45115
121,Female,Full-time,England,2017/18,Upper second class honours,77775
122,Female,Full-time,England,2017/18,Lower second class honours,25260
123,Female,Full-time,England,2017/18,Third class honours/Pass,4690
124,Female,Full-time,England,2017/18,Unclassified,4590
125,Female,Part-time,England,2017/18,First class honours,2200
126,Female,Part-time,England,2017/18,Upper second class honours,4155
127,Female,Part-time,England,2017/18,Lower second class honours,3505
128,Female,Part-time,England,2017/18,Third class honours/Pass,2205
129,Female,Part-time,England,2017/18,Unclassified,760
130,Female,Full-time,Northern Ireland,2017/18,First class honours,1245
131,Female,Full-time,Northern Ireland,2017/18,Upper second class honours,2325
132,Female,Full-time,Northern Ireland,2017/18,Lower second class honours,670
133,Female,Full-time,Northern Ireland,2017/18,Third class honours/Pass,55
134,Female,Full-time,Northern Ireland,2017/18,Unclassified,135
135,Female,Part-time,Northern Ireland,2017/18,First class honours,90
136,Female,Part-time,Northern Ireland,2017/18,Upper second class honours,170
137,Female,Part-time,Northern Ireland,2017/18,Lower second class honours,130
138,Female,Part-time,Northern Ireland,2017/18,Third class honours/Pass,35
139,Female,Part-time,Northern Ireland,2017/18,Unclassified,5
140,Female,Full-time,Scotland,2017/18,First class honours,3155
141,Female,Full-time,Scotland,2017/18,Upper second class honours,7075
142,Female,Full-time,Scotland,2017/18,Lower second class honours,1880
143,Female,Full-time,Scotland,2017/18,Third class honours/Pass,280
144,Female,Full-time,Scotland,2017/18,Unclassified,4885
145,Female,Part-time,Scotland,2017/18,First class honours,110
146,Female,Part-time,Scotland,2017/18,Upper second class honours,220
147,Female,Part-time,Scotland,2017/18,Lower second class honours,185
148,Female,Part-time,Scotland,2017/18,Third class honours/Pass,110
149,Female,Part-time,Scotland,2017/18,Unclassified,755
150,Female,Full-time,Wales,2017/18,First class honours,2770
151,Female,Full-time,Wales,2017/18,Upper second class honours,4765
152,Female,Full-time,Wales,2017/18,Lower second class honours,1640
153,Female,Full-time,Wales,2017/18,Third class honours/Pass,270
154,Female,Full-time,Wales,2017/18,Unclassified,235
155,Female,Part-time,Wales,2017/18,First class honours,125
156,Female,Part-time,Wales,2017/18,Upper second class honours,170
157,Female,Part-time,Wales,2017/18,Lower second class honours,135
158,Female,Part-time,Wales,2017/18,Third class honours/Pass,65
159,Female,Part-time,Wales,2017/18,Unclassified,60
160,Female,Full-time,England,2018/19,First class honours,46870
161,Female,Full-time,England,2018/19,Upper second class honours,78380
162,Female,Full-time,England,2018/19,Lower second class honours,25550
163,Female,Full-time,England,2018/19,Third class honours/Pass,4710
164,Female,Full-time,England,2018/19,Unclassified,4645
165,Female,Part-time,England,2018/19,First class honours,2250
166,Female,Part-time,England,2018/19,Upper second class honours,4295
167,Female,Part-time,England,2018/19,Lower second class honours,3230
168,Female,Part-time,England,2018/19,Third class honours/Pass,1895
169,Female,Part-time,England,2018/19,Unclassified,700
170,Female,Full-time,Northern Ireland,2018/19,First class honours,1230
171,Female,Full-time,Northern Ireland,2018/19,Upper second class honours,2405
172,Female,Full-time,Northern Ireland,2018/19,Lower second class honours,600
173,Female,Full-time,Northern Ireland,2018/19,Third class honours/Pass,55
174,Female,Full-time,Northern Ireland,2018/19,Unclassified,155
175,Female,Part-time,Northern Ireland,2018/19,First class honours,105
176,Female,Part-time,Northern Ireland,2018/19,Upper second class honours,210
177,Female,Part-time,Northern Ireland,2018/19,Lower second class honours,115
178,Female,Part-time,Northern Ireland,2018/19,Third class honours/Pass,30
179,Female,Part-time,Northern Ireland,2018/19,Unclassified,10
180,Female,Full-time,Scotland,2018/19,First class honours,3290
181,Female,Full-time,Scotland,2018/19,Upper second class honours,6800
182,Female,Full-time,Scotland,2018/19,Lower second class honours,1860
183,Female,Full-time,Scotland,2018/19,Third class honours/Pass,260
184,Female,Full-time,Scotland,2018/19,Unclassified,5055
185,Female,Part-time,Scotland,2018/19,First class honours,155
186,Female,Part-time,Scotland,2018/19,Upper second class honours,305
187,Female,Part-time,Scotland,2018/19,Lower second class honours,180
188,Female,Part-time,Scotland,2018/19,Third class honours/Pass,90
189,Female,Part-time,Scotland,2018/19,Unclassified,820
190,Female,Full-time,Wales,2018/19,First class honours,3015
191,Female,Full-time,Wales,2018/19,Upper second class honours,4665
192,Female,Full-time,Wales,2018/19,Lower second class honours,1655
193,Female,Full-time,Wales,2018/19,Third class honours/Pass,240
194,Female,Full-time,Wales,2018/19,Unclassified,250
195,Female,Part-time,Wales,2018/19,First class honours,135
196,Female,Part-time,Wales,2018/19,Upper second class honours,210
197,Female,Part-time,Wales,2018/19,Lower second class honours,145
198,Female,Part-time,Wales,2018/19,Third class honours/Pass,65
199,Female,Part-time,Wales,2018/19,Unclassified,25
200,Female,Full-time,England,2019/20,First class honours,56600
201,Female,Full-time,England,2019/20,Upper second class honours,74245
202,Female,Full-time,England,2019/20,Lower second class honours,20190
203,Female,Full-time,England,2019/20,Third class honours/Pass,3200
204,Female,Full-time,England,2019/20,Unclassified,4890
205,Female,Part-time,England,2019/20,First class honours,1775
206,Female,Part-time,England,2019/20,Upper second class honours,2605
207,Female,Part-time,England,2019/20,Lower second class honours,2020
208,Female,Part-time,England,2019/20,Third class honours/Pass,1165
209,Female,Part-time,England,2019/20,Unclassified,410
210,Female,Full-time,Northern Ireland,2019/20,First class honours,1415
211,Female,Full-time,Northern Ireland,2019/20,Upper second class honours,2375
212,Female,Full-time,Northern Ireland,2019/20,Lower second class honours,495
213,Female,Full-time,Northern Ireland,2019/20,Third class honours/Pass,35
214,Female,Full-time,Northern Ireland,2019/20,Unclassified,140
215,Female,Part-time,Northern Ireland,2019/20,First class honours,100
216,Female,Part-time,Northern Ireland,2019/20,Upper second class honours,155
217,Female,Part-time,Northern Ireland,2019/20,Lower second class honours,80
218,Female,Part-time,Northern Ireland,2019/20,Third class honours/Pass,20
219,Female,Part-time,Northern Ireland,2019/20,Unclassified,0
220,Female,Full-time,Scotland,2019/20,First class honours,4315
221,Female,Full-time,Scotland,2019/20,Upper second class honours,6720
222,Female,Full-time,Scotland,2019/20,Lower second class honours,1365
223,Female,Full-time,Scotland,2019/20,Third class honours/Pass,220
224,Female,Full-time,Scotland,2019/20,Unclassified,4215
225,Female,Part-time,Scotland,2019/20,First class honours,65
226,Female,Part-time,Scotland,2019/20,Upper second class honours,100
227,Female,Part-time,Scotland,2019/20,Lower second class honours,65
228,Female,Part-time,Scotland,2019/20,Third class honours/Pass,50
229,Female,Part-time,Scotland,2019/20,Unclassified,755
230,Female,Full-time,Wales,2019/20,First class honours,3815
231,Female,Full-time,Wales,2019/20,Upper second class honours,4605
232,Female,Full-time,Wales,2019/20,Lower second class honours,1410
233,Female,Full-time,Wales,2019/20,Third class honours/Pass,220
234,Female,Full-time,Wales,2019/20,Unclassified,245
235,Female,Part-time,Wales,2019/20,First class honours,95
236,Female,Part-time,Wales,2019/20,Upper second class honours,130
237,Female,Part-time,Wales,2019/20,Lower second class honours,70
238,Female,Part-time,Wales,2019/20,Third class honours/Pass,30
239,Female,Part-time,Wales,2019/20,Unclassified,5
240,Female,All,England,2014/15,First class honours,33910
241,Female,All,England,2014/15,Upper second class honours,79445
242,Female,All,England,2014/15,Lower second class honours,31520
243,Female,All,England,2014/15,Third class honours/Pass,7230
244,Female,All,England,2014/15,Unclassified,6155
245,Female,All,Northern Ireland,2014/15,First class honours,945
246,Female,All,Northern Ireland,2014/15,Upper second class honours,2595
247,Female,All,Northern Ireland,2014/15,Lower second class honours,1010
248,Female,All,Northern Ireland,2014/15,Third class honours/Pass,130
249,Female,All,Northern Ireland,2014/15,Unclassified,160
250,Female,All,Scotland,2014/15,First class honours,2500
251,Female,All,Scotland,2014/15,Upper second class honours,6615
252,Female,All,Scotland,2014/15,Lower second class honours,2240
253,Female,All,Scotland,2014/15,Third class honours/Pass,345
254,Female,All,Scotland,2014/15,Unclassified,5935
255,Female,All,Wales,2014/15,First class honours,2170
256,Female,All,Wales,2014/15,Upper second class honours,5095
257,Female,All,Wales,2014/15,Lower second class honours,2410
258,Female,All,Wales,2014/15,Third class honours/Pass,455
259,Female,All,Wales,2014/15,Unclassified,365
260,Female,All,England,2015/16,First class honours,37390
261,Female,All,England,2015/16,Upper second class honours,80610
262,Female,All,England,2015/16,Lower second class honours,31000
263,Female,All,England,2015/16,Third class honours/Pass,7140
264,Female,All,England,2015/16,Unclassified,6000
265,Female,All,Northern Ireland,2015/16,First class honours,1130
266,Female,All,Northern Ireland,2015/16,Upper second class honours,2710
267,Female,All,Northern Ireland,2015/16,Lower second class honours,930
268,Female,All,Northern Ireland,2015/16,Third class honours/Pass,125
269,Female,All,Northern Ireland,2015/16,Unclassified,175
270,Female,All,Scotland,2015/16,First class honours,2850
271,Female,All,Scotland,2015/16,Upper second class honours,7030
272,Female,All,Scotland,2015/16,Lower second class honours,2200
273,Female,All,Scotland,2015/16,Third class honours/Pass,360
274,Female,All,Scotland,2015/16,Unclassified,5580
275,Female,All,Wales,2015/16,First class honours,2330
276,Female,All,Wales,2015/16,Upper second class honours,4985
277,Female,All,Wales,2015/16,Lower second class honours,2020
278,Female,All,Wales,2015/16,Third class honours/Pass,350
279,Female,All,Wales,2015/16,Unclassified,290
280,Female,All,England,2016/17,First class honours,42920
281,Female,All,England,2016/17,Upper second class honours,81950
282,Female,All,England,2016/17,Lower second class honours,29850
283,Female,All,England,2016/17,Third class honours/Pass,7415
284,Female,All,England,2016/17,Unclassified,5545
285,Female,All,Northern Ireland,2016/17,First class honours,1170
286,Female,All,Northern Ireland,2016/17,Upper second class honours,2740
287,Female,All,Northern Ireland,2016/17,Lower second class honours,935
288,Female,All,Northern Ireland,2016/17,Third class honours/Pass,95
289,Female,All,Northern Ireland,2016/17,Unclassified,160
290,Female,All,Scotland,2016/17,First class honours,2975
291,Female,All,Scotland,2016/17,Upper second class honours,7245
292,Female,All,Scotland,2016/17,Lower second class honours,2095
293,Female,All,Scotland,2016/17,Third class honours/Pass,400
294,Female,All,Scotland,2016/17,Unclassified,5650
295,Female,All,Wales,2016/17,First class honours,2725
296,Female,All,Wales,2016/17,Upper second class honours,5100
297,Female,All,Wales,2016/17,Lower second class honours,1960
298,Female,All,Wales,2016/17,Third class honours/Pass,365
299,Female,All,Wales,2016/17,Unclassified,320
300,Female,All,England,2017/18,First class honours,47315
301,Female,All,England,2017/18,Upper second class honours,81925
302,Female,All,England,2017/18,Lower second class honours,28765
303,Female,All,England,2017/18,Third class honours/Pass,6895
304,Female,All,England,2017/18,Unclassified,5350
305,Female,All,Northern Ireland,2017/18,First class honours,1340
306,Female,All,Northern Ireland,2017/18,Upper second class honours,2500
307,Female,All,Northern Ireland,2017/18,Lower second class honours,800
308,Female,All,Northern Ireland,2017/18,Third class honours/Pass,90
309,Female,All,Northern Ireland,2017/18,Unclassified,140
310,Female,All,Scotland,2017/18,First class honours,3265
311,Female,All,Scotland,2017/18,Upper second class honours,7295
312,Female,All,Scotland,2017/18,Lower second class honours,2065
313,Female,All,Scotland,2017/18,Third class honours/Pass,390
314,Female,All,Scotland,2017/18,Unclassified,5635
315,Female,All,Wales,2017/18,First class honours,2895
316,Female,All,Wales,2017/18,Upper second class honours,4935
317,Female,All,Wales,2017/18,Lower second class honours,1780
318,Female,All,Wales,2017/18,Third class honours/Pass,335
319,Female,All,Wales,2017/18,Unclassified,295
320,Female,All,England,2018/19,First class honours,49120
321,Female,All,England,2018/19,Upper second class honours,82675
322,Female,All,England,2018/19,Lower second class honours,28775
323,Female,All,England,2018/19,Third class honours/Pass,6605
324,Female,All,England,2018/19,Unclassified,5350
325,Female,All,Northern Ireland,2018/19,First class honours,1335
326,Female,All,Northern Ireland,2018/19,Upper second class honours,2615
327,Female,All,Northern Ireland,2018/19,Lower second class honours,715
328,Female,All,Northern Ireland,2018/19,Third class honours/Pass,85
329,Female,All,Northern Ireland,2018/19,Unclassified,165
330,Female,All,Scotland,2018/19,First class honours,3445
331,Female,All,Scotland,2018/19,Upper second class honours,7100
332,Female,All,Scotland,2018/19,Lower second class honours,2040
333,Female,All,Scotland,2018/19,Third class honours/Pass,350
334,Female,All,Scotland,2018/19,Unclassified,5880
335,Female,All,Wales,2018/19,First class honours,3150
336,Female,All,Wales,2018/19,Upper second class honours,4875
337,Female,All,Wales,2018/19,Lower second class honours,1805
338,Female,All,Wales,2018/19,Third class honours/Pass,305
339,Female,All,Wales,2018/19,Unclassified,270
340,Female,All,England,2019/20,First class honours,58375
341,Female,All,England,2019/20,Upper second class honours,76850
342,Female,All,England,2019/20,Lower second class honours,22210
343,Female,All,England,2019/20,Third class honours/Pass,4365
344,Female,All,England,2019/20,Unclassified,5305
345,Female,All,Northern Ireland,2019/20,First class honours,1520
346,Female,All,Northern Ireland,2019/20,Upper second class honours,2530
347,Female,All,Northern Ireland,2019/20,Lower second class honours,570
348,Female,All,Northern Ireland,2019/20,Third class honours/Pass,55
349,Female,All,Northern Ireland,2019/20,Unclassified,140
350,Female,All,Scotland,2019/20,First class honours,4380
351,Female,All,Scotland,2019/20,Upper second class honours,6820
352,Female,All,Scotland,2019/20,Lower second class honours,1435
353,Female,All,Scotland,2019/20,Third class honours/Pass,270
354,Female,All,Scotland,2019/20,Unclassified,4970
355,Female,All,Wales,2019/20,First class honours,3915
356,Female,All,Wales,2019/20,Upper second class honours,4730
357,Female,All,Wales,2019/20,Lower second class honours,1480
358,Female,All,Wales,2019/20,Third class honours/Pass,250
359,Female,All,Wales,2019/20,Unclassified,250
360,Female,All,All,2014/15,First class honours,39520
361,Female,All,All,2014/15,Upper second class honours,93750
362,Female,All,All,2014/15,Lower second class honours,37180
363,Female,All,All,2014/15,Third class honours/Pass,8160
364,Female,All,All,2014/15,Unclassified,12615
365,Female,All,All,2015/16,First class honours,43705
366,Female,All,All,2015/16,Upper second class honours,95330
367,Female,All,All,2015/16,Lower second class honours,36155
368,Female,All,All,2015/16,Third class honours/Pass,7970
369,Female,All,All,2015/16,Unclassified,12045
370,Female,All,All,2016/17,First class honours,49790
371,Female,All,All,2016/17,Upper second class honours,97040
372,Female,All,All,2016/17,Lower second class honours,34840
373,Female,All,All,2016/17,Third class honours/Pass,8275
374,Female,All,All,2016/17,Unclassified,11680
375,Female,All,All,2017/18,First class honours,54810
376,Female,All,All,2017/18,Upper second class honours,96655
377,Female,All,All,2017/18,Lower second class honours,33405
378,Female,All,All,2017/18,Third class honours/Pass,7710
379,Female,All,All,2017/18,Unclassified,11425
380,Female,All,All,2018/19,First class honours,57050
381,Female,All,All,2018/19,Upper second class honours,97270
382,Female,All,All,2018/19,Lower second class honours,33335
383,Female,All,All,2018/19,Third class honours/Pass,7345
384,Female,All,All,2018/19,Unclassified,11665
385,Female,All,All,2019/20,First class honours,68190
386,Female,All,All,2019/20,Upper second class honours,90935
387,Female,All,All,2019/20,Lower second class honours,25700
388,Female,All,All,2019/20,Third class honours/Pass,4940
389,Female,All,All,2019/20,Unclassified,10660
390,Female,Full-time,All,2014/15,First class honours,36520
391,Female,Full-time,All,2014/15,Upper second class honours,86810
392,Female,Full-time,All,2014/15,Lower second class honours,31665
393,Female,Full-time,All,2014/15,Third class honours/Pass,5325
394,Female,Full-time,All,2014/15,Unclassified,9965
395,Female,Full-time,All,2015/16,First class honours,40970
396,Female,Full-time,All,2015/16,Upper second class honours,89200
397,Female,Full-time,All,2015/16,Lower second class honours,31240
398,Female,Full-time,All,2015/16,Third class honours/Pass,5305
399,Female,Full-time,All,2015/16,Unclassified,9915
400,Female,Full-time,All,2016/17,First class honours,46960
401,Female,Full-time,All,2016/17,Upper second class honours,91140
402,Female,Full-time,All,2016/17,Lower second class honours,30095
403,Female,Full-time,All,2016/17,Third class honours/Pass,5630
404,Female,Full-time,All,2016/17,Unclassified,9770
405,Female,Full-time,All,2017/18,First class honours,52290
406,Female,Full-time,All,2017/18,Upper second class honours,91940
407,Female,Full-time,All,2017/18,Lower second class honours,29450
408,Female,Full-time,All,2017/18,Third class honours/Pass,5295
409,Female,Full-time,All,2017/18,Unclassified,9845
410,Female,Full-time,All,2018/19,First class honours,54405
411,Female,Full-time,All,2018/19,Upper second class honours,92250
412,Female,Full-time,All,2018/19,Lower second class honours,29660
413,Female,Full-time,All,2018/19,Third class honours/Pass,5270
414,Female,Full-time,All,2018/19,Unclassified,10110
415,Female,Full-time,All,2019/20,First class honours,66150
416,Female,Full-time,All,2019/20,Upper second class honours,87945
417,Female,Full-time,All,2019/20,Lower second class honours,23460
418,Female,Full-time,All,2019/20,Third class honours/Pass,3675
419,Female,Full-time,All,2019/20,Unclassified,9490
420,Female,Part-time,All,2014/15,First class honours,3000
421,Female,Part-time,All,2014/15,Upper second class honours,6940
422,Female,Part-time,All,2014/15,Lower second class honours,5520
423,Female,Part-time,All,2014/15,Third class honours/Pass,2835
424,Female,Part-time,All,2014/15,Unclassified,2645
425,Female,Part-time,All,2015/16,First class honours,2735
426,Female,Part-time,All,2015/16,Upper second class honours,6130
427,Female,Part-time,All,2015/16,Lower second class honours,4915
428,Female,Part-time,All,2015/16,Third class honours/Pass,2665
429,Female,Part-time,All,2015/16,Unclassified,2130
430,Female,Part-time,All,2016/17,First class honours,2835
431,Female,Part-time,All,2016/17,Upper second class honours,5900
432,Female,Part-time,All,2016/17,Lower second class honours,4745
433,Female,Part-time,All,2016/17,Third class honours/Pass,2645
434,Female,Part-time,All,2016/17,Unclassified,1905
435,Female,Part-time,All,2017/18,First class honours,2520
436,Female,Part-time,All,2017/18,Upper second class honours,4715
437,Female,Part-time,All,2017/18,Lower second class honours,3955
438,Female,Part-time,All,2017/18,Third class honours/Pass,2415
439,Female,Part-time,All,2017/18,Unclassified,1580
440,Female,Part-time,All,2018/19,First class honours,2645
441,Female,Part-time,All,2018/19,Upper second class honours,5020
442,Female,Part-time,All,2018/19,Lower second class honours,3675
443,Female,Part-time,All,2018/19,Third class honours/Pass,2075
444,Female,Part-time,All,2018/19,Unclassified,1560
445,Female,Part-time,All,2019/20,First class honours,2040
446,Female,Part-time,All,2019/20,Upper second class honours,2990
447,Female,Part-time,All,2019/20,Lower second class honours,2235
448,Female,Part-time,All,2019/20,Third class honours/Pass,1265
449,Female,Part-time,All,2019/20,Unclassified,1175
450,Male,Full-time,England,2014/15,First class honours,23960
451,Male,Full-time,England,2014/15,Upper second class honours,49785
452,Male,Full-time,England,2014/15,Lower second class honours,22355
453,Male,Full-time,England,2014/15,Third class honours/Pass,4655
454,Male,Full-time,England,2014/15,Unclassified,4295
455,Male,Part-time,England,2014/15,First class honours,2230
456,Male,Part-time,England,2014/15,Upper second class honours,3830
457,Male,Part-time,England,2014/15,Lower second class honours,2910
458,Male,Part-time,England,2014/15,Third class honours/Pass,1640
459,Male,Part-time,England,2014/15,Unclassified,860
460,Male,Full-time,Northern Ireland,2014/15,First class honours,625
461,Male,Full-time,Northern Ireland,2014/15,Upper second class honours,1585
462,Male,Full-time,Northern Ireland,2014/15,Lower second class honours,740
463,Male,Full-time,Northern Ireland,2014/15,Third class honours/Pass,105
464,Male,Full-time,Northern Ireland,2014/15,Unclassified,110
465,Male,Part-time,Northern Ireland,2014/15,First class honours,60
466,Male,Part-time,Northern Ireland,2014/15,Upper second class honours,155
467,Male,Part-time,Northern Ireland,2014/15,Lower second class honours,130
468,Male,Part-time,Northern Ireland,2014/15,Third class honours/Pass,45
469,Male,Part-time,Northern Ireland,2014/15,Unclassified,10
470,Male,Full-time,Scotland,2014/15,First class honours,1935
471,Male,Full-time,Scotland,2014/15,Upper second class honours,4370
472,Male,Full-time,Scotland,2014/15,Lower second class honours,1730
473,Male,Full-time,Scotland,2014/15,Third class honours/Pass,335
474,Male,Full-time,Scotland,2014/15,Unclassified,2720
475,Male,Part-time,Scotland,2014/15,First class honours,90
476,Male,Part-time,Scotland,2014/15,Upper second class honours,175
477,Male,Part-time,Scotland,2014/15,Lower second class honours,140
478,Male,Part-time,Scotland,2014/15,Third class honours/Pass,60
479,Male,Part-time,Scotland,2014/15,Unclassified,670
480,Male,Full-time,Wales,2014/15,First class honours,1360
481,Male,Full-time,Wales,2014/15,Upper second class honours,3310
482,Male,Full-time,Wales,2014/15,Lower second class honours,1870
483,Male,Full-time,Wales,2014/15,Third class honours/Pass,345
484,Male,Full-time,Wales,2014/15,Unclassified,215
485,Male,Part-time,Wales,2014/15,First class honours,115
486,Male,Part-time,Wales,2014/15,Upper second class honours,210
487,Male,Part-time,Wales,2014/15,Lower second class honours,115
488,Male,Part-time,Wales,2014/15,Third class honours/Pass,75
489,Male,Part-time,Wales,2014/15,Unclassified,35
490,Male,Full-time,England,2015/16,First class honours,25305
491,Male,Full-time,England,2015/16,Upper second class honours,50945
492,Male,Full-time,England,2015/16,Lower second class honours,22065
493,Male,Full-time,England,2015/16,Third class honours/Pass,4705
494,Male,Full-time,England,2015/16,Unclassified,4160
495,Male,Part-time,England,2015/16,First class honours,2050
496,Male,Part-time,England,2015/16,Upper second class honours,3545
497,Male,Part-time,England,2015/16,Lower second class honours,2725
498,Male,Part-time,England,2015/16,Third class honours/Pass,1695
499,Male,Part-time,England,2015/16,Unclassified,755
500,Male,Full-time,Northern Ireland,2015/16,First class honours,730
501,Male,Full-time,Northern Ireland,2015/16,Upper second class honours,1625
502,Male,Full-time,Northern Ireland,2015/16,Lower second class honours,805
503,Male,Full-time,Northern Ireland,2015/16,Third class honours/Pass,125
504,Male,Full-time,Northern Ireland,2015/16,Unclassified,95
505,Male,Part-time,Northern Ireland,2015/16,First class honours,65
506,Male,Part-time,Northern Ireland,2015/16,Upper second class honours,140
507,Male,Part-time,Northern Ireland,2015/16,Lower second class honours,90
508,Male,Part-time,Northern Ireland,2015/16,Third class honours/Pass,35
509,Male,Part-time,Northern Ireland,2015/16,Unclassified,15
510,Male,Full-time,Scotland,2015/16,First class honours,2160
511,Male,Full-time,Scotland,2015/16,Upper second class honours,4555
512,Male,Full-time,Scotland,2015/16,Lower second class honours,1700
513,Male,Full-time,Scotland,2015/16,Third class honours/Pass,335
514,Male,Full-time,Scotland,2015/16,Unclassified,2690
515,Male,Part-time,Scotland,2015/16,First class honours,95
516,Male,Part-time,Scotland,2015/16,Upper second class honours,200
517,Male,Part-time,Scotland,2015/16,Lower second class honours,145
518,Male,Part-time,Scotland,2015/16,Third class honours/Pass,50
519,Male,Part-time,Scotland,2015/16,Unclassified,585
520,Male,Full-time,Wales,2015/16,First class honours,1495
521,Male,Full-time,Wales,2015/16,Upper second class honours,3415
522,Male,Full-time,Wales,2015/16,Lower second class honours,1835
523,Male,Full-time,Wales,2015/16,Third class honours/Pass,290
524,Male,Full-time,Wales,2015/16,Unclassified,205
525,Male,Part-time,Wales,2015/16,First class honours,155
526,Male,Part-time,Wales,2015/16,Upper second class honours,175
527,Male,Part-time,Wales,2015/16,Lower second class honours,90
528,Male,Part-time,Wales,2015/16,Third class honours/Pass,65
529,Male,Part-time,Wales,2015/16,Unclassified,30
530,Male,Full-time,England,2016/17,First class honours,28995
531,Male,Full-time,England,2016/17,Upper second class honours,52700
532,Male,Full-time,England,2016/17,Lower second class honours,21745
533,Male,Full-time,England,2016/17,Third class honours/Pass,4610
534,Male,Full-time,England,2016/17,Unclassified,4100
535,Male,Part-time,England,2016/17,First class honours,2220
536,Male,Part-time,England,2016/17,Upper second class honours,3545
537,Male,Part-time,England,2016/17,Lower second class honours,2700
538,Male,Part-time,England,2016/17,Third class honours/Pass,1640
539,Male,Part-time,England,2016/17,Unclassified,575
540,Male,Full-time,Northern Ireland,2016/17,First class honours,775
541,Male,Full-time,Northern Ireland,2016/17,Upper second class honours,1785
542,Male,Full-time,Northern Ireland,2016/17,Lower second class honours,770
543,Male,Full-time,Northern Ireland,2016/17,Third class honours/Pass,110
544,Male,Full-time,Northern Ireland,2016/17,Unclassified,95
545,Male,Part-time,Northern Ireland,2016/17,First class honours,80
546,Male,Part-time,Northern Ireland,2016/17,Upper second class honours,160
547,Male,Part-time,Northern Ireland,2016/17,Lower second class honours,85
548,Male,Part-time,Northern Ireland,2016/17,Third class honours/Pass,30
549,Male,Part-time,Northern Ireland,2016/17,Unclassified,15
550,Male,Full-time,Scotland,2016/17,First class honours,2275
551,Male,Full-time,Scotland,2016/17,Upper second class honours,4665
552,Male,Full-time,Scotland,2016/17,Lower second class honours,1825
553,Male,Full-time,Scotland,2016/17,Third class honours/Pass,325
554,Male,Full-time,Scotland,2016/17,Unclassified,2620
555,Male,Part-time,Scotland,2016/17,First class honours,105
556,Male,Part-time,Scotland,2016/17,Upper second class honours,205
557,Male,Part-time,Scotland,2016/17,Lower second class honours,170
558,Male,Part-time,Scotland,2016/17,Third class honours/Pass,65
559,Male,Part-time,Scotland,2016/17,Unclassified,525
560,Male,Full-time,Wales,2016/17,First class honours,1775
561,Male,Full-time,Wales,2016/17,Upper second class honours,3595
562,Male,Full-time,Wales,2016/17,Lower second class honours,1825
563,Male,Full-time,Wales,2016/17,Third class honours/Pass,330
564,Male,Full-time,Wales,2016/17,Unclassified,220
565,Male,Part-time,Wales,2016/17,First class honours,140
566,Male,Part-time,Wales,2016/17,Upper second class honours,200
567,Male,Part-time,Wales,2016/17,Lower second class honours,125
568,Male,Part-time,Wales,2016/17,Third class honours/Pass,55
569,Male,Part-time,Wales,2016/17,Unclassified,35
570,Male,Full-time,England,2017/18,First class honours,31155
571,Male,Full-time,England,2017/18,Upper second class honours,52250
572,Male,Full-time,England,2017/18,Lower second class honours,21065
573,Male,Full-time,England,2017/18,Third class honours/Pass,4660
574,Male,Full-time,England,2017/18,Unclassified,4100
575,Male,Part-time,England,2017/18,First class honours,2105
576,Male,Part-time,England,2017/18,Upper second class honours,3020
577,Male,Part-time,England,2017/18,Lower second class honours,2440
578,Male,Part-time,England,2017/18,Third class honours/Pass,1505
579,Male,Part-time,England,2017/18,Unclassified,500
580,Male,Full-time,Northern Ireland,2017/18,First class honours,870
581,Male,Full-time,Northern Ireland,2017/18,Upper second class honours,1615
582,Male,Full-time,Northern Ireland,2017/18,Lower second class honours,640
583,Male,Full-time,Northern Ireland,2017/18,Third class honours/Pass,80
584,Male,Full-time,Northern Ireland,2017/18,Unclassified,90
585,Male,Part-time,Northern Ireland,2017/18,First class honours,75
586,Male,Part-time,Northern Ireland,2017/18,Upper second class honours,130
587,Male,Part-time,Northern Ireland,2017/18,Lower second class honours,75
588,Male,Part-time,Northern Ireland,2017/18,Third class honours/Pass,40
589,Male,Part-time,Northern Ireland,2017/18,Unclassified,10
590,Male,Full-time,Scotland,2017/18,First class honours,2365
591,Male,Full-time,Scotland,2017/18,Upper second class honours,4885
592,Male,Full-time,Scotland,2017/18,Lower second class honours,1665
593,Male,Full-time,Scotland,2017/18,Third class honours/Pass,290
594,Male,Full-time,Scotland,2017/18,Unclassified,2560
595,Male,Part-time,Scotland,2017/18,First class honours,105
596,Male,Part-time,Scotland,2017/18,Upper second class honours,195
597,Male,Part-time,Scotland,2017/18,Lower second class honours,160
598,Male,Part-time,Scotland,2017/18,Third class honours/Pass,75
599,Male,Part-time,Scotland,2017/18,Unclassified,495
600,Male,Full-time,Wales,2017/18,First class honours,1920
601,Male,Full-time,Wales,2017/18,Upper second class honours,3545
602,Male,Full-time,Wales,2017/18,Lower second class honours,1665
603,Male,Full-time,Wales,2017/18,Third class honours/Pass,260
604,Male,Full-time,Wales,2017/18,Unclassified,200
605,Male,Part-time,Wales,2017/18,First class honours,140
606,Male,Part-time,Wales,2017/18,Upper second class honours,170
607,Male,Part-time,Wales,2017/18,Lower second class honours,105
608,Male,Part-time,Wales,2017/18,Third class honours/Pass,60
609,Male,Part-time,Wales,2017/18,Unclassified,35
610,Male,Full-time,England,2018/19,First class honours,31010
611,Male,Full-time,England,2018/19,Upper second class honours,52505
612,Male,Full-time,England,2018/19,Lower second class honours,21500
613,Male,Full-time,England,2018/19,Third class honours/Pass,4740
614,Male,Full-time,England,2018/19,Unclassified,4050
615,Male,Part-time,England,2018/19,First class honours,2175
616,Male,Part-time,England,2018/19,Upper second class honours,3090
617,Male,Part-time,England,2018/19,Lower second class honours,2240
618,Male,Part-time,England,2018/19,Third class honours/Pass,1415
619,Male,Part-time,England,2018/19,Unclassified,400
620,Male,Full-time,Northern Ireland,2018/19,First class honours,895
621,Male,Full-time,Northern Ireland,2018/19,Upper second class honours,1710
622,Male,Full-time,Northern Ireland,2018/19,Lower second class honours,605
623,Male,Full-time,Northern Ireland,2018/19,Third class honours/Pass,70
624,Male,Full-time,Northern Ireland,2018/19,Unclassified,75
625,Male,Part-time,Northern Ireland,2018/19,First class honours,100
626,Male,Part-time,Northern Ireland,2018/19,Upper second class honours,175
627,Male,Part-time,Northern Ireland,2018/19,Lower second class honours,90
628,Male,Part-time,Northern Ireland,2018/19,Third class honours/Pass,20
629,Male,Part-time,Northern Ireland,2018/19,Unclassified,5
630,Male,Full-time,Scotland,2018/19,First class honours,2485
631,Male,Full-time,Scotland,2018/19,Upper second class honours,4710
632,Male,Full-time,Scotland,2018/19,Lower second class honours,1635
633,Male,Full-time,Scotland,2018/19,Third class honours/Pass,280
634,Male,Full-time,Scotland,2018/19,Unclassified,2615
635,Male,Part-time,Scotland,2018/19,First class honours,130
636,Male,Part-time,Scotland,2018/19,Upper second class honours,260
637,Male,Part-time,Scotland,2018/19,Lower second class honours,140
638,Male,Part-time,Scotland,2018/19,Third class honours/Pass,75
639,Male,Part-time,Scotland,2018/19,Unclassified,490
640,Male,Full-time,Wales,2018/19,First class honours,1880
641,Male,Full-time,Wales,2018/19,Upper second class honours,3625
642,Male,Full-time,Wales,2018/19,Lower second class honours,1575
643,Male,Full-time,Wales,2018/19,Third class honours/Pass,255
644,Male,Full-time,Wales,2018/19,Unclassified,185
645,Male,Part-time,Wales,2018/19,First class honours,160
646,Male,Part-time,Wales,2018/19,Upper second class honours,165
647,Male,Part-time,Wales,2018/19,Lower second class honours,95
648,Male,Part-time,Wales,2018/19,Third class honours/Pass,45
649,Male,Part-time,Wales,2018/19,Unclassified,20
650,Male,Full-time,England,2019/20,First class honours,38110
651,Male,Full-time,England,2019/20,Upper second class honours,51250
652,Male,Full-time,England,2019/20,Lower second class honours,16390
653,Male,Full-time,England,2019/20,Third class honours/Pass,2920
654,Male,Full-time,England,2019/20,Unclassified,3965
655,Male,Part-time,England,2019/20,First class honours,2110
656,Male,Part-time,England,2019/20,Upper second class honours,2515
657,Male,Part-time,England,2019/20,Lower second class honours,1850
658,Male,Part-time,England,2019/20,Third class honours/Pass,920
659,Male,Part-time,England,2019/20,Unclassified,245
660,Male,Full-time,Northern Ireland,2019/20,First class honours,995
661,Male,Full-time,Northern Ireland,2019/20,Upper second class honours,1660
662,Male,Full-time,Northern Ireland,2019/20,Lower second class honours,435
663,Male,Full-time,Northern Ireland,2019/20,Third class honours/Pass,25
664,Male,Full-time,Northern Ireland,2019/20,Unclassified,85
665,Male,Part-time,Northern Ireland,2019/20,First class honours,80
666,Male,Part-time,Northern Ireland,2019/20,Upper second class honours,115
667,Male,Part-time,Northern Ireland,2019/20,Lower second class honours,75
668,Male,Part-time,Northern Ireland,2019/20,Third class honours/Pass,25
669,Male,Part-time,Northern Ireland,2019/20,Unclassified,0
670,Male,Full-time,Scotland,2019/20,First class honours,3185
671,Male,Full-time,Scotland,2019/20,Upper second class honours,4520
672,Male,Full-time,Scotland,2019/20,Lower second class honours,1290
673,Male,Full-time,Scotland,2019/20,Third class honours/Pass,210
674,Male,Full-time,Scotland,2019/20,Unclassified,2010
675,Male,Part-time,Scotland,2019/20,First class honours,95
676,Male,Part-time,Scotland,2019/20,Upper second class honours,145
677,Male,Part-time,Scotland,2019/20,Lower second class honours,90
678,Male,Part-time,Scotland,2019/20,Third class honours/Pass,35
679,Male,Part-time,Scotland,2019/20,Unclassified,370
680,Male,Full-time,Wales,2019/20,First class honours,2460
681,Male,Full-time,Wales,2019/20,Upper second class honours,3545
682,Male,Full-time,Wales,2019/20,Lower second class honours,1260
683,Male,Full-time,Wales,2019/20,Third class honours/Pass,185
684,Male,Full-time,Wales,2019/20,Unclassified,175
685,Male,Part-time,Wales,2019/20,First class honours,140
686,Male,Part-time,Wales,2019/20,Upper second class honours,115
687,Male,Part-time,Wales,2019/20,Lower second class honours,65
688,Male,Part-time,Wales,2019/20,Third class honours/Pass,30
689,Male,Part-time,Wales,2019/20,Unclassified,10
690,Male,All,England,2014/15,First class honours,26190
691,Male,All,England,2014/15,Upper second class honours,53615
692,Male,All,England,2014/15,Lower second class honours,25265
693,Male,All,England,2014/15,Third class honours/Pass,6295
694,Male,All,England,2014/15,Unclassified,5155
695,Male,All,Northern Ireland,2014/15,First class honours,685
696,Male,All,Northern Ireland,2014/15,Upper second class honours,1740
697,Male,All,Northern Ireland,2014/15,Lower second class honours,870
698,Male,All,Northern Ireland,2014/15,Third class honours/Pass,150
699,Male,All,Northern Ireland,2014/15,Unclassified,125
700,Male,All,Scotland,2014/15,First class honours,2020
701,Male,All,Scotland,2014/15,Upper second class honours,4545
702,Male,All,Scotland,2014/15,Lower second class honours,1870
703,Male,All,Scotland,2014/15,Third class honours/Pass,395
704,Male,All,Scotland,2014/15,Unclassified,3390
705,Male,All,Wales,2014/15,First class honours,1475
706,Male,All,Wales,2014/15,Upper second class honours,3520
707,Male,All,Wales,2014/15,Lower second class honours,1985
708,Male,All,Wales,2014/15,Third class honours/Pass,420
709,Male,All,Wales,2014/15,Unclassified,250
710,Male,All,England,2015/16,First class honours,27355
711,Male,All,England,2015/16,Upper second class honours,54490
712,Male,All,England,2015/16,Lower second class honours,24790
713,Male,All,England,2015/16,Third class honours/Pass,6400
714,Male,All,England,2015/16,Unclassified,4920
715,Male,All,Northern Ireland,2015/16,First class honours,795
716,Male,All,Northern Ireland,2015/16,Upper second class honours,1765
717,Male,All,Northern Ireland,2015/16,Lower second class honours,895
718,Male,All,Northern Ireland,2015/16,Third class honours/Pass,160
719,Male,All,Northern Ireland,2015/16,Unclassified,110
720,Male,All,Scotland,2015/16,First class honours,2255
721,Male,All,Scotland,2015/16,Upper second class honours,4755
722,Male,All,Scotland,2015/16,Lower second class honours,1845
723,Male,All,Scotland,2015/16,Third class honours/Pass,385
724,Male,All,Scotland,2015/16,Unclassified,3275
725,Male,All,Wales,2015/16,First class honours,1650
726,Male,All,Wales,2015/16,Upper second class honours,3585
727,Male,All,Wales,2015/16,Lower second class honours,1925
728,Male,All,Wales,2015/16,Third class honours/Pass,350
729,Male,All,Wales,2015/16,Unclassified,235
730,Male,All,England,2016/17,First class honours,31215
731,Male,All,England,2016/17,Upper second class honours,56245
732,Male,All,England,2016/17,Lower second class honours,24445
733,Male,All,England,2016/17,Third class honours/Pass,6250
734,Male,All,England,2016/17,Unclassified,4675
735,Male,All,Northern Ireland,2016/17,First class honours,855
736,Male,All,Northern Ireland,2016/17,Upper second class honours,1940
737,Male,All,Northern Ireland,2016/17,Lower second class honours,855
738,Male,All,Northern Ireland,2016/17,Third class honours/Pass,140
739,Male,All,Northern Ireland,2016/17,Unclassified,110
740,Male,All,Scotland,2016/17,First class honours,2385
741,Male,All,Scotland,2016/17,Upper second class honours,4870
742,Male,All,Scotland,2016/17,Lower second class honours,1995
743,Male,All,Scotland,2016/17,Third class honours/Pass,390
744,Male,All,Scotland,2016/17,Unclassified,3145
745,Male,All,Wales,2016/17,First class honours,1915
746,Male,All,Wales,2016/17,Upper second class honours,3795
747,Male,All,Wales,2016/17,Lower second class honours,1950
748,Male,All,Wales,2016/17,Third class honours/Pass,385
749,Male,All,Wales,2016/17,Unclassified,255
750,Male,All,England,2017/18,First class honours,33260
751,Male,All,England,2017/18,Upper second class honours,55270
752,Male,All,England,2017/18,Lower second class honours,23505
753,Male,All,England,2017/18,Third class honours/Pass,6165
754,Male,All,England,2017/18,Unclassified,4600
755,Male,All,Northern Ireland,2017/18,First class honours,945
756,Male,All,Northern Ireland,2017/18,Upper second class honours,1750
757,Male,All,Northern Ireland,2017/18,Lower second class honours,715
758,Male,All,Northern Ireland,2017/18,Third class honours/Pass,120
759,Male,All,Northern Ireland,2017/18,Unclassified,100
760,Male,All,Scotland,2017/18,First class honours,2470
761,Male,All,Scotland,2017/18,Upper second class honours,5080
762,Male,All,Scotland,2017/18,Lower second class honours,1825
763,Male,All,Scotland,2017/18,Third class honours/Pass,365
764,Male,All,Scotland,2017/18,Unclassified,3055
765,Male,All,Wales,2017/18,First class honours,2060
766,Male,All,Wales,2017/18,Upper second class honours,3715
767,Male,All,Wales,2017/18,Lower second class honours,1770
768,Male,All,Wales,2017/18,Third class honours/Pass,315
769,Male,All,Wales,2017/18,Unclassified,230
770,Male,All,England,2018/19,First class honours,33185
771,Male,All,England,2018/19,Upper second class honours,55600
772,Male,All,England,2018/19,Lower second class honours,23740
773,Male,All,England,2018/19,Third class honours/Pass,6155
774,Male,All,England,2018/19,Unclassified,4450
775,Male,All,Northern Ireland,2018/19,First class honours,990
776,Male,All,Northern Ireland,2018/19,Upper second class honours,1880
777,Male,All,Northern Ireland,2018/19,Lower second class honours,695
778,Male,All,Northern Ireland,2018/19,Third class honours/Pass,90
779,Male,All,Northern Ireland,2018/19,Unclassified,80
780,Male,All,Scotland,2018/19,First class honours,2615
781,Male,All,Scotland,2018/19,Upper second class honours,4965
782,Male,All,Scotland,2018/19,Lower second class honours,1775
783,Male,All,Scotland,2018/19,Third class honours/Pass,350
784,Male,All,Scotland,2018/19,Unclassified,3105
785,Male,All,Wales,2018/19,First class honours,2045
786,Male,All,Wales,2018/19,Upper second class honours,3790
787,Male,All,Wales,2018/19,Lower second class honours,1670
788,Male,All,Wales,2018/19,Third class honours/Pass,300
789,Male,All,Wales,2018/19,Unclassified,205
790,Male,All,England,2019/20,First class honours,40220
791,Male,All,England,2019/20,Upper second class honours,53765
792,Male,All,England,2019/20,Lower second class honours,18240
793,Male,All,England,2019/20,Third class honours/Pass,3840
794,Male,All,England,2019/20,Unclassified,4215
795,Male,All,Northern Ireland,2019/20,First class honours,1075
796,Male,All,Northern Ireland,2019/20,Upper second class honours,1775
797,Male,All,Northern Ireland,2019/20,Lower second class honours,510
798,Male,All,Northern Ireland,2019/20,Third class honours/Pass,50
799,Male,All,Northern Ireland,2019/20,Unclassified,85
800,Male,All,Scotland,2019/20,First class honours,3280
801,Male,All,Scotland,2019/20,Upper second class honours,4665
802,Male,All,Scotland,2019/20,Lower second class honours,1375
803,Male,All,Scotland,2019/20,Third class honours/Pass,245
804,Male,All,Scotland,2019/20,Unclassified,2375
805,Male,All,Wales,2019/20,First class honours,2600
806,Male,All,Wales,2019/20,Upper second class honours,3660
807,Male,All,Wales,2019/20,Lower second class honours,1325
808,Male,All,Wales,2019/20,Third class honours/Pass,215
809,Male,All,Wales,2019/20,Unclassified,185
810,Male,All,All,2014/15,First class honours,30375
811,Male,All,All,2014/15,Upper second class honours,63420
812,Male,All,All,2014/15,Lower second class honours,29995
813,Male,All,All,2014/15,Third class honours/Pass,7260
814,Male,All,All,2014/15,Unclassified,8915
815,Male,All,All,2015/16,First class honours,32055
816,Male,All,All,2015/16,Upper second class honours,64595
817,Male,All,All,2015/16,Lower second class honours,29460
818,Male,All,All,2015/16,Third class honours/Pass,7300
819,Male,All,All,2015/16,Unclassified,8540
820,Male,All,All,2016/17,First class honours,36365
821,Male,All,All,2016/17,Upper second class honours,66850
822,Male,All,All,2016/17,Lower second class honours,29245
823,Male,All,All,2016/17,Third class honours/Pass,7165
824,Male,All,All,2016/17,Unclassified,8180
825,Male,All,All,2017/18,First class honours,38730
826,Male,All,All,2017/18,Upper second class honours,65810
827,Male,All,All,2017/18,Lower second class honours,27815
828,Male,All,All,2017/18,Third class honours/Pass,6965
829,Male,All,All,2017/18,Unclassified,7990
830,Male,All,All,2018/19,First class honours,38835
831,Male,All,All,2018/19,Upper second class honours,66235
832,Male,All,All,2018/19,Lower second class honours,27880
833,Male,All,All,2018/19,Third class honours/Pass,6900
834,Male,All,All,2018/19,Unclassified,7840
835,Male,All,All,2019/20,First class honours,47175
836,Male,All,All,2019/20,Upper second class honours,63870
837,Male,All,All,2019/20,Lower second class honours,21455
838,Male,All,All,2019/20,Third class honours/Pass,4350
839,Male,All,All,2019/20,Unclassified,6860
840,Male,Full-time,All,2014/15,First class honours,27880
841,Male,Full-time,All,2014/15,Upper second class honours,59050
842,Male,Full-time,All,2014/15,Lower second class honours,26695
843,Male,Full-time,All,2014/15,Third class honours/Pass,5440
844,Male,Full-time,All,2014/15,Unclassified,7340
845,Male,Full-time,All,2015/16,First class honours,29690
846,Male,Full-time,All,2015/16,Upper second class honours,60540
847,Male,Full-time,All,2015/16,Lower second class honours,26405
848,Male,Full-time,All,2015/16,Third class honours/Pass,5455
849,Male,Full-time,All,2015/16,Unclassified,7150
850,Male,Full-time,All,2016/17,First class honours,33820
851,Male,Full-time,All,2016/17,Upper second class honours,62745
852,Male,Full-time,All,2016/17,Lower second class honours,26165
853,Male,Full-time,All,2016/17,Third class honours/Pass,5370
854,Male,Full-time,All,2016/17,Unclassified,7035
855,Male,Full-time,All,2017/18,First class honours,36310
856,Male,Full-time,All,2017/18,Upper second class honours,62295
857,Male,Full-time,All,2017/18,Lower second class honours,25040
858,Male,Full-time,All,2017/18,Third class honours/Pass,5290
859,Male,Full-time,All,2017/18,Unclassified,6950
860,Male,Full-time,All,2018/19,First class honours,36270
861,Male,Full-time,All,2018/19,Upper second class honours,62550
862,Male,Full-time,All,2018/19,Lower second class honours,25315
863,Male,Full-time,All,2018/19,Third class honours/Pass,5345
864,Male,Full-time,All,2018/19,Unclassified,6920
865,Male,Full-time,All,2019/20,First class honours,44750
866,Male,Full-time,All,2019/20,Upper second class honours,60980
867,Male,Full-time,All,2019/20,Lower second class honours,19375
868,Male,Full-time,All,2019/20,Third class honours/Pass,3340
869,Male,Full-time,All,2019/20,Unclassified,6235
870,Male,Part-time,All,2014/15,First class honours,2490
871,Male,Part-time,All,2014/15,Upper second class honours,4370
872,Male,Part-time,All,2014/15,Lower second class honours,3300
873,Male,Part-time,All,2014/15,Third class honours/Pass,1815
874,Male,Part-time,All,2014/15,Unclassified,1575
875,Male,Part-time,All,2015/16,First class honours,2365
876,Male,Part-time,All,2015/16,Upper second class honours,4055
877,Male,Part-time,All,2015/16,Lower second class honours,3050
878,Male,Part-time,All,2015/16,Third class honours/Pass,1845
879,Male,Part-time,All,2015/16,Unclassified,1390
880,Male,Part-time,All,2016/17,First class honours,2540
881,Male,Part-time,All,2016/17,Upper second class honours,4105
882,Male,Part-time,All,2016/17,Lower second class honours,3080
883,Male,Part-time,All,2016/17,Third class honours/Pass,1790
884,Male,Part-time,All,2016/17,Unclassified,1150
885,Male,Part-time,All,2017/18,First class honours,2425
886,Male,Part-time,All,2017/18,Upper second class honours,3515
887,Male,Part-time,All,2017/18,Lower second class honours,2775
888,Male,Part-time,All,2017/18,Third class honours/Pass,1675
889,Male,Part-time,All,2017/18,Unclassified,1040
890,Male,Part-time,All,2018/19,First class honours,2565
891,Male,Part-time,All,2018/19,Upper second class honours,3685
892,Male,Part-time,All,2018/19,Lower second class honours,2565
893,Male,Part-time,All,2018/19,Third class honours/Pass,1550
894,Male,Part-time,All,2018/19,Unclassified,920
895,Male,Part-time,All,2019/20,First class honours,2425
896,Male,Part-time,All,2019/20,Upper second class honours,2890
897,Male,Part-time,All,2019/20,Lower second class honours,2075
898,Male,Part-time,All,2019/20,Third class honours/Pass,1010
899,Male,Part-time,All,2019/20,Unclassified,630
900,Other,Full-time,England,2014/15,First class honours,10
901,Other,Full-time,England,2014/15,Upper second class honours,15
902,Other,Full-time,England,2014/15,Lower second class honours,5
903,Other,Full-time,England,2014/15,Third class honours/Pass,0
904,Other,Full-time,England,2014/15,Unclassified,0
905,Other,Part-time,England,2014/15,First class honours,0
906,Other,Part-time,England,2014/15,Upper second class honours,0
907,Other,Part-time,England,2014/15,Lower second class honours,0
908,Other,Part-time,England,2014/15,Third class honours/Pass,0
909,Other,Part-time,England,2014/15,Unclassified,0
910,Other,Full-time,Scotland,2014/15,First class honours,0
911,Other,Full-time,Scotland,2014/15,Upper second class honours,5
912,Other,Full-time,Scotland,2014/15,Lower second class honours,0
913,Other,Full-time,Scotland,2014/15,Third class honours/Pass,0
914,Other,Full-time,Scotland,2014/15,Unclassified,0
915,Other,Full-time,Wales,2014/15,First class honours,0
916,Other,Full-time,Wales,2014/15,Upper second class honours,0
917,Other,Full-time,Wales,2014/15,Lower second class honours,0
918,Other,Full-time,Wales,2014/15,Third class honours/Pass,0
919,Other,Full-time,Wales,2014/15,Unclassified,0
920,Other,Full-time,England,2015/16,First class honours,10
921,Other,Full-time,England,2015/16,Upper second class honours,25
922,Other,Full-time,England,2015/16,Lower second class honours,0
923,Other,Full-time,England,2015/16,Third class honours/Pass,0
924,Other,Full-time,England,2015/16,Unclassified,5
925,Other,Part-time,England,2015/16,First class honours,0
926,Other,Part-time,England,2015/16,Upper second class honours,0
927,Other,Part-time,England,2015/16,Lower second class honours,0
928,Other,Part-time,England,2015/16,Third class honours/Pass,0
929,Other,Part-time,England,2015/16,Unclassified,0
930,Other,Full-time,Scotland,2015/16,First class honours,0
931,Other,Full-time,Scotland,2015/16,Upper second class honours,5
932,Other,Full-time,Scotland,2015/16,Lower second class honours,5
933,Other,Full-time,Scotland,2015/16,Third class honours/Pass,0
934,Other,Full-time,Scotland,2015/16,Unclassified,0
935,Other,Full-time,Wales,2015/16,First class honours,5
936,Other,Full-time,Wales,2015/16,Upper second class honours,5
937,Other,Full-time,Wales,2015/16,Lower second class honours,5
938,Other,Full-time,Wales,2015/16,Third class honours/Pass,0
939,Other,Full-time,Wales,2015/16,Unclassified,0
940,Other,Full-time,England,2016/17,First class honours,25
941,Other,Full-time,England,2016/17,Upper second class honours,30
942,Other,Full-time,England,2016/17,Lower second class honours,5
943,Other,Full-time,England,2016/17,Third class honours/Pass,0
944,Other,Full-time,England,2016/17,Unclassified,0
945,Other,Part-time,England,2016/17,First class honours,0
946,Other,Part-time,England,2016/17,Upper second class honours,0
947,Other,Part-time,England,2016/17,Lower second class honours,0
948,Other,Part-time,England,2016/17,Third class honours/Pass,0
949,Other,Part-time,England,2016/17,Unclassified,0
950,Other,Full-time,Scotland,2016/17,First class honours,5
951,Other,Full-time,Scotland,2016/17,Upper second class honours,5
952,Other,Full-time,Scotland,2016/17,Lower second class honours,0
953,Other,Full-time,Scotland,2016/17,Third class honours/Pass,0
954,Other,Full-time,Scotland,2016/17,Unclassified,5
955,Other,Part-time,Scotland,2016/17,First class honours,0
956,Other,Part-time,Scotland,2016/17,Upper second class honours,0
957,Other,Part-time,Scotland,2016/17,Lower second class honours,0
958,Other,Part-time,Scotland,2016/17,Third class honours/Pass,0
959,Other,Part-time,Scotland,2016/17,Unclassified,0
960,Other,Full-time,Wales,2016/17,First class honours,0
961,Other,Full-time,Wales,2016/17,Upper second class honours,5
962,Other,Full-time,Wales,2016/17,Lower second class honours,0
963,Other,Full-time,Wales,2016/17,Third class honours/Pass,0
964,Other,Full-time,Wales,2016/17,Unclassified,0
965,Other,Part-time,Wales,2016/17,First class honours,0
966,Other,Part-time,Wales,2016/17,Upper second class honours,0
967,Other,Part-time,Wales,2016/17,Lower second class honours,0
968,Other,Part-time,Wales,2016/17,Third class honours/Pass,0
969,Other,Part-time,Wales,2016/17,Unclassified,0
970,Other,Full-time,England,2017/18,First class honours,35
971,Other,Full-time,England,2017/18,Upper second class honours,50
972,Other,Full-time,England,2017/18,Lower second class honours,20
973,Other,Full-time,England,2017/18,Third class honours/Pass,5
974,Other,Full-time,England,2017/18,Unclassified,0
975,Other,Part-time,England,2017/18,First class honours,0
976,Other,Part-time,England,2017/18,Upper second class honours,0
977,Other,Part-time,England,2017/18,Lower second class honours,0
978,Other,Part-time,England,2017/18,Third class honours/Pass,0
979,Other,Part-time,England,2017/18,Unclassified,0
980,Other,Full-time,Scotland,2017/18,First class honours,5
981,Other,Full-time,Scotland,2017/18,Upper second class honours,10
982,Other,Full-time,Scotland,2017/18,Lower second class honours,0
983,Other,Full-time,Scotland,2017/18,Third class honours/Pass,0
984,Other,Full-time,Scotland,2017/18,Unclassified,5
985,Other,Part-time,Scotland,2017/18,First class honours,0
986,Other,Part-time,Scotland,2017/18,Upper second class honours,0
987,Other,Part-time,Scotland,2017/18,Lower second class honours,0
988,Other,Part-time,Scotland,2017/18,Third class honours/Pass,0
989,Other,Part-time,Scotland,2017/18,Unclassified,0
990,Other,Full-time,Wales,2017/18,First class honours,5
991,Other,Full-time,Wales,2017/18,Upper second class honours,10
992,Other,Full-time,Wales,2017/18,Lower second class honours,0
993,Other,Full-time,Wales,2017/18,Third class honours/Pass,0
994,Other,Full-time,Wales,2017/18,Unclassified,0
995,Other,Full-time,England,2018/19,First class honours,50
996,Other,Full-time,England,2018/19,Upper second class honours,70
997,Other,Full-time,England,2018/19,Lower second class honours,20
998,Other,Full-time,England,2018/19,Third class honours/Pass,10
999,Other,Full-time,England,2018/19,Unclassified,0
1000,Other,Part-time,England,2018/19,First class honours,5
1001,Other,Part-time,England,2018/19,Upper second class honours,5
1002,Other,Part-time,England,2018/19,Lower second class honours,0
1003,Other,Part-time,England,2018/19,Third class honours/Pass,0
1004,Other,Part-time,England,2018/19,Unclassified,0
1005,Other,Full-time,Scotland,2018/19,First class honours,15
1006,Other,Full-time,Scotland,2018/19,Upper second class honours,15
1007,Other,Full-time,Scotland,2018/19,Lower second class honours,10
1008,Other,Full-time,Scotland,2018/19,Third class honours/Pass,0
1009,Other,Full-time,Scotland,2018/19,Unclassified,5
1010,Other,Part-time,Scotland,2018/19,First class honours,0
1011,Other,Part-time,Scotland,2018/19,Upper second class honours,0
1012,Other,Part-time,Scotland,2018/19,Lower second class honours,0
1013,Other,Part-time,Scotland,2018/19,Third class honours/Pass,0
1014,Other,Part-time,Scotland,2018/19,Unclassified,0
1015,Other,Full-time,Wales,2018/19,First class honours,5
1016,Other,Full-time,Wales,2018/19,Upper second class honours,5
1017,Other,Full-time,Wales,2018/19,Lower second class honours,5
1018,Other,Full-time,Wales,2018/19,Third class honours/Pass,0
1019,Other,Full-time,Wales,2018/19,Unclassified,0
1020,Other,Part-time,Wales,2018/19,First class honours,0
1021,Other,Part-time,Wales,2018/19,Upper second class honours,0
1022,Other,Part-time,Wales,2018/19,Lower second class honours,0
1023,Other,Part-time,Wales,2018/19,Third class honours/Pass,0
1024,Other,Part-time,Wales,2018/19,Unclassified,0
1025,Other,Full-time,England,2019/20,First class honours,95
1026,Other,Full-time,England,2019/20,Upper second class honours,95
1027,Other,Full-time,England,2019/20,Lower second class honours,30
1028,Other,Full-time,England,2019/20,Third class honours/Pass,0
1029,Other,Full-time,England,2019/20,Unclassified,5
1030,Other,Part-time,England,2019/20,First class honours,0
1031,Other,Part-time,England,2019/20,Upper second class honours,0
1032,Other,Part-time,England,2019/20,Lower second class honours,0
1033,Other,Part-time,England,2019/20,Third class honours/Pass,0
1034,Other,Part-time,England,2019/20,Unclassified,0
1035,Other,Full-time,Scotland,2019/20,First class honours,5
1036,Other,Full-time,Scotland,2019/20,Upper second class honours,15
1037,Other,Full-time,Scotland,2019/20,Lower second class honours,5
1038,Other,Full-time,Scotland,2019/20,Third class honours/Pass,5
1039,Other,Full-time,Scotland,2019/20,Unclassified,0
1040,Other,Part-time,Scotland,2019/20,First class honours,0
1041,Other,Part-time,Scotland,2019/20,Upper second class honours,0
1042,Other,Part-time,Scotland,2019/20,Lower second class honours,0
1043,Other,Part-time,Scotland,2019/20,Third class honours/Pass,0
1044,Other,Part-time,Scotland,2019/20,Unclassified,0
1045,Other,Full-time,Wales,2019/20,First class honours,10
1046,Other,Full-time,Wales,2019/20,Upper second class honours,10
1047,Other,Full-time,Wales,2019/20,Lower second class honours,5
1048,Other,Full-time,Wales,2019/20,Third class honours/Pass,0
1049,Other,Full-time,Wales,2019/20,Unclassified,0
1050,Other,All,England,2014/15,First class honours,10
1051,Other,All,England,2014/15,Upper second class honours,15
1052,Other,All,England,2014/15,Lower second class honours,5
1053,Other,All,England,2014/15,Third class honours/Pass,0
1054,Other,All,England,2014/15,Unclassified,0
1055,Other,All,Scotland,2014/15,First class honours,0
1056,Other,All,Scotland,2014/15,Upper second class honours,5
1057,Other,All,Scotland,2014/15,Lower second class honours,0
1058,Other,All,Scotland,2014/15,Third class honours/Pass,0
1059,Other,All,Scotland,2014/15,Unclassified,0
1060,Other,All,Wales,2014/15,First class honours,0
1061,Other,All,Wales,2014/15,Upper second class honours,0
1062,Other,All,Wales,2014/15,Lower second class honours,0
1063,Other,All,Wales,2014/15,Third class honours/Pass,0
1064,Other,All,Wales,2014/15,Unclassified,0
1065,Other,All,England,2015/16,First class honours,10
1066,Other,All,England,2015/16,Upper second class honours,25
1067,Other,All,England,2015/16,Lower second class honours,0
1068,Other,All,England,2015/16,Third class honours/Pass,5
1069,Other,All,England,2015/16,Unclassified,5
1070,Other,All,Scotland,2015/16,First class honours,0
1071,Other,All,Scotland,2015/16,Upper second class honours,5
1072,Other,All,Scotland,2015/16,Lower second class honours,5
1073,Other,All,Scotland,2015/16,Third class honours/Pass,0
1074,Other,All,Scotland,2015/16,Unclassified,0
1075,Other,All,Wales,2015/16,First class honours,5
1076,Other,All,Wales,2015/16,Upper second class honours,5
1077,Other,All,Wales,2015/16,Lower second class honours,5
1078,Other,All,Wales,2015/16,Third class honours/Pass,0
1079,Other,All,Wales,2015/16,Unclassified,0
1080,Other,All,England,2016/17,First class honours,25
1081,Other,All,England,2016/17,Upper second class honours,30
1082,Other,All,England,2016/17,Lower second class honours,5
1083,Other,All,England,2016/17,Third class honours/Pass,0
1084,Other,All,England,2016/17,Unclassified,0
1085,Other,All,Scotland,2016/17,First class honours,5
1086,Other,All,Scotland,2016/17,Upper second class honours,5
1087,Other,All,Scotland,2016/17,Lower second class honours,0
1088,Other,All,Scotland,2016/17,Third class honours/Pass,0
1089,Other,All,Scotland,2016/17,Unclassified,5
1090,Other,All,Wales,2016/17,First class honours,0
1091,Other,All,Wales,2016/17,Upper second class honours,5
1092,Other,All,Wales,2016/17,Lower second class honours,0
1093,Other,All,Wales,2016/17,Third class honours/Pass,0
1094,Other,All,Wales,2016/17,Unclassified,0
1095,Other,All,England,2017/18,First class honours,40
1096,Other,All,England,2017/18,Upper second class honours,50
1097,Other,All,England,2017/18,Lower second class honours,20
1098,Other,All,England,2017/18,Third class honours/Pass,5
1099,Other,All,England,2017/18,Unclassified,0
1100,Other,All,Scotland,2017/18,First class honours,5
1101,Other,All,Scotland,2017/18,Upper second class honours,10
1102,Other,All,Scotland,2017/18,Lower second class honours,0
1103,Other,All,Scotland,2017/18,Third class honours/Pass,0
1104,Other,All,Scotland,2017/18,Unclassified,5
1105,Other,All,Wales,2017/18,First class honours,5
1106,Other,All,Wales,2017/18,Upper second class honours,10
1107,Other,All,Wales,2017/18,Lower second class honours,0
1108,Other,All,Wales,2017/18,Third class honours/Pass,0
1109,Other,All,Wales,2017/18,Unclassified,0
1110,Other,All,England,2018/19,First class honours,50
1111,Other,All,England,2018/19,Upper second class honours,75
1112,Other,All,England,2018/19,Lower second class honours,25
1113,Other,All,England,2018/19,Third class honours/Pass,10
1114,Other,All,England,2018/19,Unclassified,0
1115,Other,All,Scotland,2018/19,First class honours,15
1116,Other,All,Scotland,2018/19,Upper second class honours,15
1117,Other,All,Scotland,2018/19,Lower second class honours,10
1118,Other,All,Scotland,2018/19,Third class honours/Pass,0
1119,Other,All,Scotland,2018/19,Unclassified,5
1120,Other,All,Wales,2018/19,First class honours,5
1121,Other,All,Wales,2018/19,Upper second class honours,5
1122,Other,All,Wales,2018/19,Lower second class honours,5
1123,Other,All,Wales,2018/19,Third class honours/Pass,0
1124,Other,All,Wales,2018/19,Unclassified,0
1125,Other,All,England,2019/20,First class honours,100
1126,Other,All,England,2019/20,Upper second class honours,95
1127,Other,All,England,2019/20,Lower second class honours,35
1128,Other,All,England,2019/20,Third class honours/Pass,0
1129,Other,All,England,2019/20,Unclassified,5
1130,Other,All,Scotland,2019/20,First class honours,5
1131,Other,All,Scotland,2019/20,Upper second class honours,15
1132,Other,All,Scotland,2019/20,Lower second class honours,5
1133,Other,All,Scotland,2019/20,Third class honours/Pass,5
1134,Other,All,Scotland,2019/20,Unclassified,5
1135,Other,All,Wales,2019/20,First class honours,10
1136,Other,All,Wales,2019/20,Upper second class honours,10
1137,Other,All,Wales,2019/20,Lower second class honours,5
1138,Other,All,Wales,2019/20,Third class honours/Pass,0
1139,Other,All,Wales,2019/20,Unclassified,0
1140,Other,All,All,2014/15,First class honours,10
1141,Other,All,All,2014/15,Upper second class honours,20
1142,Other,All,All,2014/15,Lower second class honours,5
1143,Other,All,All,2014/15,Third class honours/Pass,0
1144,Other,All,All,2014/15,Unclassified,0
1145,Other,All,All,2015/16,First class honours,15
1146,Other,All,All,2015/16,Upper second class honours,35
1147,Other,All,All,2015/16,Lower second class honours,10
1148,Other,All,All,2015/16,Third class honours/Pass,5
1149,Other,All,All,2015/16,Unclassified,5
1150,Other,All,All,2016/17,First class honours,25
1151,Other,All,All,2016/17,Upper second class honours,40
1152,Other,All,All,2016/17,Lower second class honours,10
1153,Other,All,All,2016/17,Third class honours/Pass,0
1154,Other,All,All,2016/17,Unclassified,5
1155,Other,All,All,2017/18,First class honours,50
1156,Other,All,All,2017/18,Upper second class honours,70
1157,Other,All,All,2017/18,Lower second class honours,25
1158,Other,All,All,2017/18,Third class honours/Pass,5
1159,Other,All,All,2017/18,Unclassified,5
1160,Other,All,All,2018/19,First class honours,75
1161,Other,All,All,2018/19,Upper second class honours,95
1162,Other,All,All,2018/19,Lower second class honours,40
1163,Other,All,All,2018/19,Third class honours/Pass,10
1164,Other,All,All,2018/19,Unclassified,10
1165,Other,All,All,2019/20,First class honours,115
1166,Other,All,All,2019/20,Upper second class honours,120
1167,Other,All,All,2019/20,Lower second class honours,45
1168,Other,All,All,2019/20,Third class honours/Pass,10
1169,Other,All,All,2019/20,Unclassified,10
1170,Other,Full-time,All,2014/15,First class honours,10
1171,Other,Full-time,All,2014/15,Upper second class honours,20
1172,Other,Full-time,All,2014/15,Lower second class honours,5
1173,Other,Full-time,All,2014/15,Third class honours/Pass,0
1174,Other,Full-time,All,2014/15,Unclassified,0
1175,Other,Full-time,All,2015/16,First class honours,15
1176,Other,Full-time,All,2015/16,Upper second class honours,35
1177,Other,Full-time,All,2015/16,Lower second class honours,10
1178,Other,Full-time,All,2015/16,Third class honours/Pass,5
1179,Other,Full-time,All,2015/16,Unclassified,5
1180,Other,Full-time,All,2016/17,First class honours,25
1181,Other,Full-time,All,2016/17,Upper second class honours,35
1182,Other,Full-time,All,2016/17,Lower second class honours,10
1183,Other,Full-time,All,2016/17,Third class honours/Pass,0
1184,Other,Full-time,All,2016/17,Unclassified,5
1185,Other,Full-time,All,2017/18,First class honours,45
1186,Other,Full-time,All,2017/18,Upper second class honours,70
1187,Other,Full-time,All,2017/18,Lower second class honours,25
1188,Other,Full-time,All,2017/18,Third class honours/Pass,5
1189,Other,Full-time,All,2017/18,Unclassified,5
1190,Other,Full-time,All,2018/19,First class honours,70
1191,Other,Full-time,All,2018/19,Upper second class honours,90
1192,Other,Full-time,All,2018/19,Lower second class honours,35
1193,Other,Full-time,All,2018/19,Third class honours/Pass,10
1194,Other,Full-time,All,2018/19,Unclassified,10
1195,Other,Full-time,All,2019/20,First class honours,115
1196,Other,Full-time,All,2019/20,Upper second class honours,115
1197,Other,Full-time,All,2019/20,Lower second class honours,45
1198,Other,Full-time,All,2019/20,Third class honours/Pass,5
1199,Other,Full-time,All,2019/20,Unclassified,10
1200,Other,Part-time,All,2014/15,First class honours,0
1201,Other,Part-time,All,2014/15,Upper second class honours,0
1202,Other,Part-time,All,2014/15,Lower second class honours,0
1203,Other,Part-time,All,2014/15,Third class honours/Pass,0
1204,Other,Part-time,All,2014/15,Unclassified,0
1205,Other,Part-time,All,2015/16,First class honours,0
1206,Other,Part-time,All,2015/16,Upper second class honours,0
1207,Other,Part-time,All,2015/16,Lower second class honours,0
1208,Other,Part-time,All,2015/16,Third class honours/Pass,0
1209,Other,Part-time,All,2015/16,Unclassified,0
1210,Other,Part-time,All,2016/17,First class honours,0
1211,Other,Part-time,All,2016/17,Upper second class honours,0
1212,Other,Part-time,All,2016/17,Lower second class honours,0
1213,Other,Part-time,All,2016/17,Third class honours/Pass,0
1214,Other,Part-time,All,2016/17,Unclassified,0
1215,Other,Part-time,All,2017/18,First class honours,0
1216,Other,Part-time,All,2017/18,Upper second class honours,0
1217,Other,Part-time,All,2017/18,Lower second class honours,0
1218,Other,Part-time,All,2017/18,Third class honours/Pass,0
1219,Other,Part-time,All,2017/18,Unclassified,0
1220,Other,Part-time,All,2018/19,First class honours,5
1221,Other,Part-time,All,2018/19,Upper second class honours,5
1222,Other,Part-time,All,2018/19,Lower second class honours,0
1223,Other,Part-time,All,2018/19,Third class honours/Pass,0
1224,Other,Part-time,All,2018/19,Unclassified,0
1225,Other,Part-time,All,2019/20,First class honours,0
1226,Other,Part-time,All,2019/20,Upper second class honours,0
1227,Other,Part-time,All,2019/20,Lower second class honours,0
1228,Other,Part-time,All,2019/20,Third class honours/Pass,0
1229,Other,Part-time,All,2019/20,Unclassified,0
7180,Not known,Full-time,England,2015/16,First class honours,10
7181,Not known,Full-time,England,2015/16,Upper second class honours,20
7182,Not known,Full-time,England,2015/16,Lower second class honours,5
7183,Not known,Full-time,England,2015/16,Third class honours/Pass,5
7184,Not known,Full-time,England,2015/16,Unclassified,0
7185,Not known,Full-time,England,2016/17,First class honours,5
7186,Not known,Full-time,England,2016/17,Upper second class honours,15
7187,Not known,Full-time,England,2016/17,Lower second class honours,0
7188,Not known,Full-time,England,2016/17,Third class honours/Pass,0
7189,Not known,Full-time,England,2016/17,Unclassified,0
7190,Not known,Full-time,England,2017/18,First class honours,5
7191,Not known,Full-time,England,2017/18,Upper second class honours,5
7192,Not known,Full-time,England,2017/18,Lower second class honours,5
7193,Not known,Full-time,England,2017/18,Third class honours/Pass,5
7194,Not known,Full-time,England,2017/18,Unclassified,0
7195,Not known,Full-time,England,2018/19,First class honours,0
7196,Not known,Full-time,England,2018/19,Upper second class honours,0
7197,Not known,Full-time,England,2018/19,Lower second class honours,0
7198,Not known,Full-time,England,2018/19,Third class honours/Pass,0
7199,Not known,Full-time,England,2018/19,Unclassified,0
7200,Not known,All,England,2015/16,First class honours,10
7201,Not known,All,England,2015/16,Upper second class honours,20
7202,Not known,All,England,2015/16,Lower second class honours,5
7203,Not known,All,England,2015/16,Third class honours/Pass,5
7204,Not known,All,England,2015/16,Unclassified,0
7205,Not known,All,England,2016/17,First class honours,5
7206,Not known,All,England,2016/17,Upper second class honours,15
7207,Not known,All,England,2016/17,Lower second class honours,0
7208,Not known,All,England,2016/17,Third class honours/Pass,0
7209,Not known,All,England,2016/17,Unclassified,0
7210,Not known,All,England,2017/18,First class honours,5
7211,Not known,All,England,2017/18,Upper second class honours,5
7212,Not known,All,England,2017/18,Lower second class honours,5
7213,Not known,All,England,2017/18,Third class honours/Pass,5
7214,Not known,All,England,2017/18,Unclassified,0
7215,Not known,All,England,2018/19,First class honours,0
7216,Not known,All,England,2018/19,Upper second class honours,0
7217,Not known,All,England,2018/19,Lower second class honours,0
7218,Not known,All,England,2018/19,Third class honours/Pass,0
7219,Not known,All,England,2018/19,Unclassified,0
7220,Not known,All,All,2015/16,First class honours,10
7221,Not known,All,All,2015/16,Upper second class honours,20
7222,Not known,All,All,2015/16,Lower second class honours,5
7223,Not known,All,All,2015/16,Third class honours/Pass,5
7224,Not known,All,All,2015/16,Unclassified,0
7225,Not known,All,All,2016/17,First class honours,5
7226,Not known,All,All,2016/17,Upper second class honours,15
7227,Not known,All,All,2016/17,Lower second class honours,0
7228,Not known,All,All,2016/17,Third class honours/Pass,0
7229,Not known,All,All,2016/17,Unclassified,0
7230,Not known,All,All,2017/18,First class honours,5
7231,Not known,All,All,2017/18,Upper second class honours,5
7232,Not known,All,All,2017/18,Lower second class honours,5
7233,Not known,All,All,2017/18,Third class honours/Pass,5
7234,Not known,All,All,2017/18,Unclassified,0
7235,Not known,All,All,2018/19,First class honours,0
7236,Not known,All,All,2018/19,Upper second class honours,0
7237,Not known,All,All,2018/19,Lower second class honours,0
7238,Not known,All,All,2018/19,Third class honours/Pass,0
7239,Not known,All,All,2018/19,Unclassified,0
7240,Not known,Full-time,All,2015/16,First class honours,10
7241,Not known,Full-time,All,2015/16,Upper second class honours,20
7242,Not known,Full-time,All,2015/16,Lower second class honours,5
7243,Not known,Full-time,All,2015/16,Third class honours/Pass,5
7244,Not known,Full-time,All,2015/16,Unclassified,0
7245,Not known,Full-time,All,2016/17,First class honours,5
7246,Not known,Full-time,All,2016/17,Upper second class honours,15
7247,Not known,Full-time,All,2016/17,Lower second class honours,0
7248,Not known,Full-time,All,2016/17,Third class honours/Pass,0
7249,Not known,Full-time,All,2016/17,Unclassified,0
7250,Not known,Full-time,All,2017/18,First class honours,5
7251,Not known,Full-time,All,2017/18,Upper second class honours,5
7252,Not known,Full-time,All,2017/18,Lower second class honours,5
7253,Not known,Full-time,All,2017/18,Third class honours/Pass,5
7254,Not known,Full-time,All,2017/18,Unclassified,0
7255,Not known,Full-time,All,2018/19,First class honours,0
7256,Not known,Full-time,All,2018/19,Upper second class honours,0
7257,Not known,Full-time,All,2018/19,Lower second class honours,0
7258,Not known,Full-time,All,2018/19,Third class honours/Pass,0
7259,Not known,Full-time,All,2018/19,Unclassified,0
