,Disability Status,Mode of study,Country of HE provider,Academic year,Classification of first degree,Number
3130,Known disability,Full-time,England,2014/15,First class honours,6575
3131,Known disability,Full-time,England,2014/15,Upper second class honours,16370
3132,Known disability,Full-time,England,2014/15,Lower second class honours,7135
3133,Known disability,Full-time,England,2014/15,Third class honours/Pass,1420
3134,Known disability,Full-time,England,2014/15,Unclassified,1185
3135,Known disability,Part-time,England,2014/15,First class honours,510
3136,Known disability,Part-time,England,2014/15,Upper second class honours,1220
3137,Known disability,Part-time,England,2014/15,Lower second class honours,1115
3138,Known disability,Part-time,England,2014/15,Third class honours/Pass,550
3139,Known disability,Part-time,England,2014/15,Unclassified,315
3140,Known disability,Full-time,Northern Ireland,2014/15,First class honours,95
3141,Known disability,Full-time,Northern Ireland,2014/15,Upper second class honours,305
3142,Known disability,Full-time,Northern Ireland,2014/15,Lower second class honours,135
3143,Known disability,Full-time,Northern Ireland,2014/15,Third class honours/Pass,20
3144,Known disability,Full-time,Northern Ireland,2014/15,Unclassified,15
3145,Known disability,Part-time,Northern Ireland,2014/15,First class honours,10
3146,Known disability,Part-time,Northern Ireland,2014/15,Upper second class honours,40
3147,Known disability,Part-time,Northern Ireland,2014/15,Lower second class honours,55
3148,Known disability,Part-time,Northern Ireland,2014/15,Third class honours/Pass,20
3149,Known disability,Part-time,Northern Ireland,2014/15,Unclassified,5
3150,Known disability,Full-time,Scotland,2014/15,First class honours,505
3151,Known disability,Full-time,Scotland,2014/15,Upper second class honours,1230
3152,Known disability,Full-time,Scotland,2014/15,Lower second class honours,515
3153,Known disability,Full-time,Scotland,2014/15,Third class honours/Pass,100
3154,Known disability,Full-time,Scotland,2014/15,Unclassified,825
3155,Known disability,Part-time,Scotland,2014/15,First class honours,35
3156,Known disability,Part-time,Scotland,2014/15,Upper second class honours,65
3157,Known disability,Part-time,Scotland,2014/15,Lower second class honours,45
3158,Known disability,Part-time,Scotland,2014/15,Third class honours/Pass,40
3159,Known disability,Part-time,Scotland,2014/15,Unclassified,210
3160,Known disability,Full-time,Wales,2014/15,First class honours,440
3161,Known disability,Full-time,Wales,2014/15,Upper second class honours,1105
3162,Known disability,Full-time,Wales,2014/15,Lower second class honours,665
3163,Known disability,Full-time,Wales,2014/15,Third class honours/Pass,140
3164,Known disability,Full-time,Wales,2014/15,Unclassified,70
3165,Known disability,Part-time,Wales,2014/15,First class honours,35
3166,Known disability,Part-time,Wales,2014/15,Upper second class honours,80
3167,Known disability,Part-time,Wales,2014/15,Lower second class honours,50
3168,Known disability,Part-time,Wales,2014/15,Third class honours/Pass,30
3169,Known disability,Part-time,Wales,2014/15,Unclassified,15
3170,Known disability,Full-time,England,2015/16,First class honours,7505
3171,Known disability,Full-time,England,2015/16,Upper second class honours,17755
3172,Known disability,Full-time,England,2015/16,Lower second class honours,7440
3173,Known disability,Full-time,England,2015/16,Third class honours/Pass,1445
3174,Known disability,Full-time,England,2015/16,Unclassified,1245
3175,Known disability,Part-time,England,2015/16,First class honours,510
3176,Known disability,Part-time,England,2015/16,Upper second class honours,1200
3177,Known disability,Part-time,England,2015/16,Lower second class honours,1070
3178,Known disability,Part-time,England,2015/16,Third class honours/Pass,590
3179,Known disability,Part-time,England,2015/16,Unclassified,275
3180,Known disability,Full-time,Northern Ireland,2015/16,First class honours,145
3181,Known disability,Full-time,Northern Ireland,2015/16,Upper second class honours,380
3182,Known disability,Full-time,Northern Ireland,2015/16,Lower second class honours,175
3183,Known disability,Full-time,Northern Ireland,2015/16,Third class honours/Pass,20
3184,Known disability,Full-time,Northern Ireland,2015/16,Unclassified,15
3185,Known disability,Part-time,Northern Ireland,2015/16,First class honours,25
3186,Known disability,Part-time,Northern Ireland,2015/16,Upper second class honours,55
3187,Known disability,Part-time,Northern Ireland,2015/16,Lower second class honours,30
3188,Known disability,Part-time,Northern Ireland,2015/16,Third class honours/Pass,10
3189,Known disability,Part-time,Northern Ireland,2015/16,Unclassified,10
3190,Known disability,Full-time,Scotland,2015/16,First class honours,570
3191,Known disability,Full-time,Scotland,2015/16,Upper second class honours,1380
3192,Known disability,Full-time,Scotland,2015/16,Lower second class honours,545
3193,Known disability,Full-time,Scotland,2015/16,Third class honours/Pass,100
3194,Known disability,Full-time,Scotland,2015/16,Unclassified,905
3195,Known disability,Part-time,Scotland,2015/16,First class honours,25
3196,Known disability,Part-time,Scotland,2015/16,Upper second class honours,70
3197,Known disability,Part-time,Scotland,2015/16,Lower second class honours,55
3198,Known disability,Part-time,Scotland,2015/16,Third class honours/Pass,40
3199,Known disability,Part-time,Scotland,2015/16,Unclassified,155
3200,Known disability,Full-time,Wales,2015/16,First class honours,490
3201,Known disability,Full-time,Wales,2015/16,Upper second class honours,1135
3202,Known disability,Full-time,Wales,2015/16,Lower second class honours,615
3203,Known disability,Full-time,Wales,2015/16,Third class honours/Pass,120
3204,Known disability,Full-time,Wales,2015/16,Unclassified,65
3205,Known disability,Part-time,Wales,2015/16,First class honours,20
3206,Known disability,Part-time,Wales,2015/16,Upper second class honours,50
3207,Known disability,Part-time,Wales,2015/16,Lower second class honours,35
3208,Known disability,Part-time,Wales,2015/16,Third class honours/Pass,20
3209,Known disability,Part-time,Wales,2015/16,Unclassified,15
3210,Known disability,Full-time,England,2016/17,First class honours,9260
3211,Known disability,Full-time,England,2016/17,Upper second class honours,19060
3212,Known disability,Full-time,England,2016/17,Lower second class honours,7685
3213,Known disability,Full-time,England,2016/17,Third class honours/Pass,1560
3214,Known disability,Full-time,England,2016/17,Unclassified,1215
3215,Known disability,Part-time,England,2016/17,First class honours,585
3216,Known disability,Part-time,England,2016/17,Upper second class honours,1300
3217,Known disability,Part-time,England,2016/17,Lower second class honours,1125
3218,Known disability,Part-time,England,2016/17,Third class honours/Pass,665
3219,Known disability,Part-time,England,2016/17,Unclassified,290
3220,Known disability,Full-time,Northern Ireland,2016/17,First class honours,175
3221,Known disability,Full-time,Northern Ireland,2016/17,Upper second class honours,450
3222,Known disability,Full-time,Northern Ireland,2016/17,Lower second class honours,210
3223,Known disability,Full-time,Northern Ireland,2016/17,Third class honours/Pass,25
3224,Known disability,Full-time,Northern Ireland,2016/17,Unclassified,25
3225,Known disability,Part-time,Northern Ireland,2016/17,First class honours,20
3226,Known disability,Part-time,Northern Ireland,2016/17,Upper second class honours,55
3227,Known disability,Part-time,Northern Ireland,2016/17,Lower second class honours,30
3228,Known disability,Part-time,Northern Ireland,2016/17,Third class honours/Pass,15
3229,Known disability,Part-time,Northern Ireland,2016/17,Unclassified,10
3230,Known disability,Full-time,Scotland,2016/17,First class honours,620
3231,Known disability,Full-time,Scotland,2016/17,Upper second class honours,1585
3232,Known disability,Full-time,Scotland,2016/17,Lower second class honours,535
3233,Known disability,Full-time,Scotland,2016/17,Third class honours/Pass,105
3234,Known disability,Full-time,Scotland,2016/17,Unclassified,955
3235,Known disability,Part-time,Scotland,2016/17,First class honours,25
3236,Known disability,Part-time,Scotland,2016/17,Upper second class honours,80
3237,Known disability,Part-time,Scotland,2016/17,Lower second class honours,85
3238,Known disability,Part-time,Scotland,2016/17,Third class honours/Pass,40
3239,Known disability,Part-time,Scotland,2016/17,Unclassified,145
3240,Known disability,Full-time,Wales,2016/17,First class honours,635
3241,Known disability,Full-time,Wales,2016/17,Upper second class honours,1285
3242,Known disability,Full-time,Wales,2016/17,Lower second class honours,645
3243,Known disability,Full-time,Wales,2016/17,Third class honours/Pass,125
3244,Known disability,Full-time,Wales,2016/17,Unclassified,70
3245,Known disability,Part-time,Wales,2016/17,First class honours,35
3246,Known disability,Part-time,Wales,2016/17,Upper second class honours,60
3247,Known disability,Part-time,Wales,2016/17,Lower second class honours,50
3248,Known disability,Part-time,Wales,2016/17,Third class honours/Pass,25
3249,Known disability,Part-time,Wales,2016/17,Unclassified,15
3250,Known disability,Full-time,England,2017/18,First class honours,10870
3251,Known disability,Full-time,England,2017/18,Upper second class honours,20290
3252,Known disability,Full-time,England,2017/18,Lower second class honours,8035
3253,Known disability,Full-time,England,2017/18,Third class honours/Pass,1545
3254,Known disability,Full-time,England,2017/18,Unclassified,1335
3255,Known disability,Part-time,England,2017/18,First class honours,560
3256,Known disability,Part-time,England,2017/18,Upper second class honours,1145
3257,Known disability,Part-time,England,2017/18,Lower second class honours,1015
3258,Known disability,Part-time,England,2017/18,Third class honours/Pass,625
3259,Known disability,Part-time,England,2017/18,Unclassified,195
3260,Known disability,Full-time,Northern Ireland,2017/18,First class honours,205
3261,Known disability,Full-time,Northern Ireland,2017/18,Upper second class honours,405
3262,Known disability,Full-time,Northern Ireland,2017/18,Lower second class honours,180
3263,Known disability,Full-time,Northern Ireland,2017/18,Third class honours/Pass,25
3264,Known disability,Full-time,Northern Ireland,2017/18,Unclassified,20
3265,Known disability,Part-time,Northern Ireland,2017/18,First class honours,20
3266,Known disability,Part-time,Northern Ireland,2017/18,Upper second class honours,50
3267,Known disability,Part-time,Northern Ireland,2017/18,Lower second class honours,35
3268,Known disability,Part-time,Northern Ireland,2017/18,Third class honours/Pass,10
3269,Known disability,Part-time,Northern Ireland,2017/18,Unclassified,5
3270,Known disability,Full-time,Scotland,2017/18,First class honours,740
3271,Known disability,Full-time,Scotland,2017/18,Upper second class honours,1735
3272,Known disability,Full-time,Scotland,2017/18,Lower second class honours,570
3273,Known disability,Full-time,Scotland,2017/18,Third class honours/Pass,125
3274,Known disability,Full-time,Scotland,2017/18,Unclassified,1125
3275,Known disability,Part-time,Scotland,2017/18,First class honours,35
3276,Known disability,Part-time,Scotland,2017/18,Upper second class honours,75
3277,Known disability,Part-time,Scotland,2017/18,Lower second class honours,75
3278,Known disability,Part-time,Scotland,2017/18,Third class honours/Pass,50
3279,Known disability,Part-time,Scotland,2017/18,Unclassified,120
3280,Known disability,Full-time,Wales,2017/18,First class honours,660
3281,Known disability,Full-time,Wales,2017/18,Upper second class honours,1385
3282,Known disability,Full-time,Wales,2017/18,Lower second class honours,585
3283,Known disability,Full-time,Wales,2017/18,Third class honours/Pass,110
3284,Known disability,Full-time,Wales,2017/18,Unclassified,60
3285,Known disability,Part-time,Wales,2017/18,First class honours,30
3286,Known disability,Part-time,Wales,2017/18,Upper second class honours,55
3287,Known disability,Part-time,Wales,2017/18,Lower second class honours,50
3288,Known disability,Part-time,Wales,2017/18,Third class honours/Pass,35
3289,Known disability,Part-time,Wales,2017/18,Unclassified,15
3290,Known disability,Full-time,England,2018/19,First class honours,12095
3291,Known disability,Full-time,England,2018/19,Upper second class honours,22275
3292,Known disability,Full-time,England,2018/19,Lower second class honours,8650
3293,Known disability,Full-time,England,2018/19,Third class honours/Pass,1695
3294,Known disability,Full-time,England,2018/19,Unclassified,1420
3295,Known disability,Part-time,England,2018/19,First class honours,565
3296,Known disability,Part-time,England,2018/19,Upper second class honours,1200
3297,Known disability,Part-time,England,2018/19,Lower second class honours,1035
3298,Known disability,Part-time,England,2018/19,Third class honours/Pass,575
3299,Known disability,Part-time,England,2018/19,Unclassified,180
3300,Known disability,Full-time,Northern Ireland,2018/19,First class honours,225
3301,Known disability,Full-time,Northern Ireland,2018/19,Upper second class honours,495
3302,Known disability,Full-time,Northern Ireland,2018/19,Lower second class honours,165
3303,Known disability,Full-time,Northern Ireland,2018/19,Third class honours/Pass,20
3304,Known disability,Full-time,Northern Ireland,2018/19,Unclassified,25
3305,Known disability,Part-time,Northern Ireland,2018/19,First class honours,35
3306,Known disability,Part-time,Northern Ireland,2018/19,Upper second class honours,70
3307,Known disability,Part-time,Northern Ireland,2018/19,Lower second class honours,35
3308,Known disability,Part-time,Northern Ireland,2018/19,Third class honours/Pass,15
3309,Known disability,Part-time,Northern Ireland,2018/19,Unclassified,10
3310,Known disability,Full-time,Scotland,2018/19,First class honours,815
3311,Known disability,Full-time,Scotland,2018/19,Upper second class honours,1795
3312,Known disability,Full-time,Scotland,2018/19,Lower second class honours,635
3313,Known disability,Full-time,Scotland,2018/19,Third class honours/Pass,105
3314,Known disability,Full-time,Scotland,2018/19,Unclassified,1100
3315,Known disability,Part-time,Scotland,2018/19,First class honours,40
3316,Known disability,Part-time,Scotland,2018/19,Upper second class honours,95
3317,Known disability,Part-time,Scotland,2018/19,Lower second class honours,70
3318,Known disability,Part-time,Scotland,2018/19,Third class honours/Pass,35
3319,Known disability,Part-time,Scotland,2018/19,Unclassified,140
3320,Known disability,Full-time,Wales,2018/19,First class honours,715
3321,Known disability,Full-time,Wales,2018/19,Upper second class honours,1405
3322,Known disability,Full-time,Wales,2018/19,Lower second class honours,630
3323,Known disability,Full-time,Wales,2018/19,Third class honours/Pass,120
3324,Known disability,Full-time,Wales,2018/19,Unclassified,60
3325,Known disability,Part-time,Wales,2018/19,First class honours,35
3326,Known disability,Part-time,Wales,2018/19,Upper second class honours,65
3327,Known disability,Part-time,Wales,2018/19,Lower second class honours,55
3328,Known disability,Part-time,Wales,2018/19,Third class honours/Pass,25
3329,Known disability,Part-time,Wales,2018/19,Unclassified,5
3330,Known disability,Full-time,England,2019/20,First class honours,16430
3331,Known disability,Full-time,England,2019/20,Upper second class honours,23440
3332,Known disability,Full-time,England,2019/20,Lower second class honours,7035
3333,Known disability,Full-time,England,2019/20,Third class honours/Pass,1150
3334,Known disability,Full-time,England,2019/20,Unclassified,1535
3335,Known disability,Part-time,England,2019/20,First class honours,480
3336,Known disability,Part-time,England,2019/20,Upper second class honours,850
3337,Known disability,Part-time,England,2019/20,Lower second class honours,690
3338,Known disability,Part-time,England,2019/20,Third class honours/Pass,335
3339,Known disability,Part-time,England,2019/20,Unclassified,80
3340,Known disability,Full-time,Northern Ireland,2019/20,First class honours,330
3341,Known disability,Full-time,Northern Ireland,2019/20,Upper second class honours,545
3342,Known disability,Full-time,Northern Ireland,2019/20,Lower second class honours,165
3343,Known disability,Full-time,Northern Ireland,2019/20,Third class honours/Pass,10
3344,Known disability,Full-time,Northern Ireland,2019/20,Unclassified,15
3345,Known disability,Part-time,Northern Ireland,2019/20,First class honours,15
3346,Known disability,Part-time,Northern Ireland,2019/20,Upper second class honours,35
3347,Known disability,Part-time,Northern Ireland,2019/20,Lower second class honours,15
3348,Known disability,Part-time,Northern Ireland,2019/20,Third class honours/Pass,10
3349,Known disability,Part-time,Northern Ireland,2019/20,Unclassified,5
3350,Known disability,Full-time,Scotland,2019/20,First class honours,1125
3351,Known disability,Full-time,Scotland,2019/20,Upper second class honours,1890
3352,Known disability,Full-time,Scotland,2019/20,Lower second class honours,525
3353,Known disability,Full-time,Scotland,2019/20,Third class honours/Pass,95
3354,Known disability,Full-time,Scotland,2019/20,Unclassified,960
3355,Known disability,Part-time,Scotland,2019/20,First class honours,20
3356,Known disability,Part-time,Scotland,2019/20,Upper second class honours,25
3357,Known disability,Part-time,Scotland,2019/20,Lower second class honours,30
3358,Known disability,Part-time,Scotland,2019/20,Third class honours/Pass,15
3359,Known disability,Part-time,Scotland,2019/20,Unclassified,125
3360,Known disability,Full-time,Wales,2019/20,First class honours,1045
3361,Known disability,Full-time,Wales,2019/20,Upper second class honours,1490
3362,Known disability,Full-time,Wales,2019/20,Lower second class honours,530
3363,Known disability,Full-time,Wales,2019/20,Third class honours/Pass,100
3364,Known disability,Full-time,Wales,2019/20,Unclassified,55
3365,Known disability,Part-time,Wales,2019/20,First class honours,20
3366,Known disability,Part-time,Wales,2019/20,Upper second class honours,35
3367,Known disability,Part-time,Wales,2019/20,Lower second class honours,40
3368,Known disability,Part-time,Wales,2019/20,Third class honours/Pass,15
3369,Known disability,Part-time,Wales,2019/20,Unclassified,5
3370,Known disability,All,England,2014/15,First class honours,7085
3371,Known disability,All,England,2014/15,Upper second class honours,17590
3372,Known disability,All,England,2014/15,Lower second class honours,8245
3373,Known disability,All,England,2014/15,Third class honours/Pass,1975
3374,Known disability,All,England,2014/15,Unclassified,1495
3375,Known disability,All,Northern Ireland,2014/15,First class honours,110
3376,Known disability,All,Northern Ireland,2014/15,Upper second class honours,345
3377,Known disability,All,Northern Ireland,2014/15,Lower second class honours,190
3378,Known disability,All,Northern Ireland,2014/15,Third class honours/Pass,45
3379,Known disability,All,Northern Ireland,2014/15,Unclassified,20
3380,Known disability,All,Scotland,2014/15,First class honours,540
3381,Known disability,All,Scotland,2014/15,Upper second class honours,1295
3382,Known disability,All,Scotland,2014/15,Lower second class honours,560
3383,Known disability,All,Scotland,2014/15,Third class honours/Pass,135
3384,Known disability,All,Scotland,2014/15,Unclassified,1035
3385,Known disability,All,Wales,2014/15,First class honours,475
3386,Known disability,All,Wales,2014/15,Upper second class honours,1185
3387,Known disability,All,Wales,2014/15,Lower second class honours,715
3388,Known disability,All,Wales,2014/15,Third class honours/Pass,175
3389,Known disability,All,Wales,2014/15,Unclassified,90
3390,Known disability,All,England,2015/16,First class honours,8015
3391,Known disability,All,England,2015/16,Upper second class honours,18955
3392,Known disability,All,England,2015/16,Lower second class honours,8510
3393,Known disability,All,England,2015/16,Third class honours/Pass,2040
3394,Known disability,All,England,2015/16,Unclassified,1520
3395,Known disability,All,Northern Ireland,2015/16,First class honours,170
3396,Known disability,All,Northern Ireland,2015/16,Upper second class honours,435
3397,Known disability,All,Northern Ireland,2015/16,Lower second class honours,205
3398,Known disability,All,Northern Ireland,2015/16,Third class honours/Pass,30
3399,Known disability,All,Northern Ireland,2015/16,Unclassified,25
3400,Known disability,All,Scotland,2015/16,First class honours,590
3401,Known disability,All,Scotland,2015/16,Upper second class honours,1445
3402,Known disability,All,Scotland,2015/16,Lower second class honours,605
3403,Known disability,All,Scotland,2015/16,Third class honours/Pass,140
3404,Known disability,All,Scotland,2015/16,Unclassified,1060
3405,Known disability,All,Wales,2015/16,First class honours,510
3406,Known disability,All,Wales,2015/16,Upper second class honours,1185
3407,Known disability,All,Wales,2015/16,Lower second class honours,650
3408,Known disability,All,Wales,2015/16,Third class honours/Pass,140
3409,Known disability,All,Wales,2015/16,Unclassified,80
3410,Known disability,All,England,2016/17,First class honours,9845
3411,Known disability,All,England,2016/17,Upper second class honours,20360
3412,Known disability,All,England,2016/17,Lower second class honours,8805
3413,Known disability,All,England,2016/17,Third class honours/Pass,2225
3414,Known disability,All,England,2016/17,Unclassified,1505
3415,Known disability,All,Northern Ireland,2016/17,First class honours,190
3416,Known disability,All,Northern Ireland,2016/17,Upper second class honours,505
3417,Known disability,All,Northern Ireland,2016/17,Lower second class honours,240
3418,Known disability,All,Northern Ireland,2016/17,Third class honours/Pass,40
3419,Known disability,All,Northern Ireland,2016/17,Unclassified,35
3420,Known disability,All,Scotland,2016/17,First class honours,645
3421,Known disability,All,Scotland,2016/17,Upper second class honours,1665
3422,Known disability,All,Scotland,2016/17,Lower second class honours,620
3423,Known disability,All,Scotland,2016/17,Third class honours/Pass,150
3424,Known disability,All,Scotland,2016/17,Unclassified,1100
3425,Known disability,All,Wales,2016/17,First class honours,670
3426,Known disability,All,Wales,2016/17,Upper second class honours,1345
3427,Known disability,All,Wales,2016/17,Lower second class honours,695
3428,Known disability,All,Wales,2016/17,Third class honours/Pass,150
3429,Known disability,All,Wales,2016/17,Unclassified,80
3430,Known disability,All,England,2017/18,First class honours,11435
3431,Known disability,All,England,2017/18,Upper second class honours,21440
3432,Known disability,All,England,2017/18,Lower second class honours,9050
3433,Known disability,All,England,2017/18,Third class honours/Pass,2170
3434,Known disability,All,England,2017/18,Unclassified,1530
3435,Known disability,All,Northern Ireland,2017/18,First class honours,230
3436,Known disability,All,Northern Ireland,2017/18,Upper second class honours,460
3437,Known disability,All,Northern Ireland,2017/18,Lower second class honours,215
3438,Known disability,All,Northern Ireland,2017/18,Third class honours/Pass,35
3439,Known disability,All,Northern Ireland,2017/18,Unclassified,25
3440,Known disability,All,Scotland,2017/18,First class honours,775
3441,Known disability,All,Scotland,2017/18,Upper second class honours,1810
3442,Known disability,All,Scotland,2017/18,Lower second class honours,645
3443,Known disability,All,Scotland,2017/18,Third class honours/Pass,175
3444,Known disability,All,Scotland,2017/18,Unclassified,1240
3445,Known disability,All,Wales,2017/18,First class honours,690
3446,Known disability,All,Wales,2017/18,Upper second class honours,1440
3447,Known disability,All,Wales,2017/18,Lower second class honours,630
3448,Known disability,All,Wales,2017/18,Third class honours/Pass,140
3449,Known disability,All,Wales,2017/18,Unclassified,75
3450,Known disability,All,England,2018/19,First class honours,12660
3451,Known disability,All,England,2018/19,Upper second class honours,23470
3452,Known disability,All,England,2018/19,Lower second class honours,9685
3453,Known disability,All,England,2018/19,Third class honours/Pass,2275
3454,Known disability,All,England,2018/19,Unclassified,1600
3455,Known disability,All,Northern Ireland,2018/19,First class honours,260
3456,Known disability,All,Northern Ireland,2018/19,Upper second class honours,565
3457,Known disability,All,Northern Ireland,2018/19,Lower second class honours,200
3458,Known disability,All,Northern Ireland,2018/19,Third class honours/Pass,40
3459,Known disability,All,Northern Ireland,2018/19,Unclassified,35
3460,Known disability,All,Scotland,2018/19,First class honours,850
3461,Known disability,All,Scotland,2018/19,Upper second class honours,1885
3462,Known disability,All,Scotland,2018/19,Lower second class honours,705
3463,Known disability,All,Scotland,2018/19,Third class honours/Pass,145
3464,Known disability,All,Scotland,2018/19,Unclassified,1240
3465,Known disability,All,Wales,2018/19,First class honours,750
3466,Known disability,All,Wales,2018/19,Upper second class honours,1470
3467,Known disability,All,Wales,2018/19,Lower second class honours,690
3468,Known disability,All,Wales,2018/19,Third class honours/Pass,145
3469,Known disability,All,Wales,2018/19,Unclassified,70
3470,Known disability,All,England,2019/20,First class honours,16910
3471,Known disability,All,England,2019/20,Upper second class honours,24290
3472,Known disability,All,England,2019/20,Lower second class honours,7730
3473,Known disability,All,England,2019/20,Third class honours/Pass,1485
3474,Known disability,All,England,2019/20,Unclassified,1620
3475,Known disability,All,Northern Ireland,2019/20,First class honours,345
3476,Known disability,All,Northern Ireland,2019/20,Upper second class honours,580
3477,Known disability,All,Northern Ireland,2019/20,Lower second class honours,180
3478,Known disability,All,Northern Ireland,2019/20,Third class honours/Pass,20
3479,Known disability,All,Northern Ireland,2019/20,Unclassified,20
3480,Known disability,All,Scotland,2019/20,First class honours,1145
3481,Known disability,All,Scotland,2019/20,Upper second class honours,1915
3482,Known disability,All,Scotland,2019/20,Lower second class honours,555
3483,Known disability,All,Scotland,2019/20,Third class honours/Pass,110
3484,Known disability,All,Scotland,2019/20,Unclassified,1085
3485,Known disability,All,Wales,2019/20,First class honours,1065
3486,Known disability,All,Wales,2019/20,Upper second class honours,1530
3487,Known disability,All,Wales,2019/20,Lower second class honours,570
3488,Known disability,All,Wales,2019/20,Third class honours/Pass,120
3489,Known disability,All,Wales,2019/20,Unclassified,60
3490,Known disability,All,All,2014/15,First class honours,8210
3491,Known disability,All,All,2014/15,Upper second class honours,20415
3492,Known disability,All,All,2014/15,Lower second class honours,9710
3493,Known disability,All,All,2014/15,Third class honours/Pass,2325
3494,Known disability,All,All,2014/15,Unclassified,2640
3495,Known disability,All,All,2015/16,First class honours,9285
3496,Known disability,All,All,2015/16,Upper second class honours,22025
3497,Known disability,All,All,2015/16,Lower second class honours,9965
3498,Known disability,All,All,2015/16,Third class honours/Pass,2350
3499,Known disability,All,All,2015/16,Unclassified,2690
3500,Known disability,All,All,2016/17,First class honours,11350
3501,Known disability,All,All,2016/17,Upper second class honours,23875
3502,Known disability,All,All,2016/17,Lower second class honours,10360
3503,Known disability,All,All,2016/17,Third class honours/Pass,2560
3504,Known disability,All,All,2016/17,Unclassified,2720
3505,Known disability,All,All,2017/18,First class honours,13130
3506,Known disability,All,All,2017/18,Upper second class honours,25145
3507,Known disability,All,All,2017/18,Lower second class honours,10540
3508,Known disability,All,All,2017/18,Third class honours/Pass,2525
3509,Known disability,All,All,2017/18,Unclassified,2870
3510,Known disability,All,All,2018/19,First class honours,14520
3511,Known disability,All,All,2018/19,Upper second class honours,27390
3512,Known disability,All,All,2018/19,Lower second class honours,11280
3513,Known disability,All,All,2018/19,Third class honours/Pass,2600
3514,Known disability,All,All,2018/19,Unclassified,2940
3515,Known disability,All,All,2019/20,First class honours,19465
3516,Known disability,All,All,2019/20,Upper second class honours,28315
3517,Known disability,All,All,2019/20,Lower second class honours,9035
3518,Known disability,All,All,2019/20,Third class honours/Pass,1735
3519,Known disability,All,All,2019/20,Unclassified,2785
3520,Known disability,Full-time,All,2014/15,First class honours,7615
3521,Known disability,Full-time,All,2014/15,Upper second class honours,19015
3522,Known disability,Full-time,All,2014/15,Lower second class honours,8455
3523,Known disability,Full-time,All,2014/15,Third class honours/Pass,1685
3524,Known disability,Full-time,All,2014/15,Unclassified,2095
3525,Known disability,Full-time,All,2015/16,First class honours,8710
3526,Known disability,Full-time,All,2015/16,Upper second class honours,20655
3527,Known disability,Full-time,All,2015/16,Lower second class honours,8775
3528,Known disability,Full-time,All,2015/16,Third class honours/Pass,1685
3529,Known disability,Full-time,All,2015/16,Unclassified,2230
3530,Known disability,Full-time,All,2016/17,First class honours,10690
3531,Known disability,Full-time,All,2016/17,Upper second class honours,22380
3532,Known disability,Full-time,All,2016/17,Lower second class honours,9075
3533,Known disability,Full-time,All,2016/17,Third class honours/Pass,1815
3534,Known disability,Full-time,All,2016/17,Unclassified,2265
3535,Known disability,Full-time,All,2017/18,First class honours,12480
3536,Known disability,Full-time,All,2017/18,Upper second class honours,23815
3537,Known disability,Full-time,All,2017/18,Lower second class honours,9370
3538,Known disability,Full-time,All,2017/18,Third class honours/Pass,1805
3539,Known disability,Full-time,All,2017/18,Unclassified,2540
3540,Known disability,Full-time,All,2018/19,First class honours,13845
3541,Known disability,Full-time,All,2018/19,Upper second class honours,25970
3542,Known disability,Full-time,All,2018/19,Lower second class honours,10085
3543,Known disability,Full-time,All,2018/19,Third class honours/Pass,1945
3544,Known disability,Full-time,All,2018/19,Unclassified,2605
3545,Known disability,Full-time,All,2019/20,First class honours,18925
3546,Known disability,Full-time,All,2019/20,Upper second class honours,27370
3547,Known disability,Full-time,All,2019/20,Lower second class honours,8255
3548,Known disability,Full-time,All,2019/20,Third class honours/Pass,1360
3549,Known disability,Full-time,All,2019/20,Unclassified,2565
3550,Known disability,Part-time,All,2014/15,First class honours,595
3551,Known disability,Part-time,All,2014/15,Upper second class honours,1400
3552,Known disability,Part-time,All,2014/15,Lower second class honours,1260
3553,Known disability,Part-time,All,2014/15,Third class honours/Pass,645
3554,Known disability,Part-time,All,2014/15,Unclassified,545
3555,Known disability,Part-time,All,2015/16,First class honours,580
3556,Known disability,Part-time,All,2015/16,Upper second class honours,1370
3557,Known disability,Part-time,All,2015/16,Lower second class honours,1190
3558,Known disability,Part-time,All,2015/16,Third class honours/Pass,660
3559,Known disability,Part-time,All,2015/16,Unclassified,460
3560,Known disability,Part-time,All,2016/17,First class honours,660
3561,Known disability,Part-time,All,2016/17,Upper second class honours,1490
3562,Known disability,Part-time,All,2016/17,Lower second class honours,1285
3563,Known disability,Part-time,All,2016/17,Third class honours/Pass,745
3564,Known disability,Part-time,All,2016/17,Unclassified,455
3565,Known disability,Part-time,All,2017/18,First class honours,650
3566,Known disability,Part-time,All,2017/18,Upper second class honours,1330
3567,Known disability,Part-time,All,2017/18,Lower second class honours,1175
3568,Known disability,Part-time,All,2017/18,Third class honours/Pass,720
3569,Known disability,Part-time,All,2017/18,Unclassified,335
3570,Known disability,Part-time,All,2018/19,First class honours,675
3571,Known disability,Part-time,All,2018/19,Upper second class honours,1425
3572,Known disability,Part-time,All,2018/19,Lower second class honours,1195
3573,Known disability,Part-time,All,2018/19,Third class honours/Pass,655
3574,Known disability,Part-time,All,2018/19,Unclassified,335
3575,Known disability,Part-time,All,2019/20,First class honours,535
3576,Known disability,Part-time,All,2019/20,Upper second class honours,945
3577,Known disability,Part-time,All,2019/20,Lower second class honours,780
3578,Known disability,Part-time,All,2019/20,Third class honours/Pass,375
3579,Known disability,Part-time,All,2019/20,Unclassified,215
3580,No known disability,Full-time,England,2014/15,First class honours,48605
3581,No known disability,Full-time,England,2014/15,Upper second class honours,106645
3582,No known disability,Full-time,England,2014/15,Lower second class honours,41800
3583,No known disability,Full-time,England,2014/15,Third class honours/Pass,7855
3584,No known disability,Full-time,England,2014/15,Unclassified,7935
3585,No known disability,Part-time,England,2014/15,First class honours,4415
3586,No known disability,Part-time,England,2014/15,Upper second class honours,8840
3587,No known disability,Part-time,England,2014/15,Lower second class honours,6745
3588,No known disability,Part-time,England,2014/15,Third class honours/Pass,3700
3589,No known disability,Part-time,England,2014/15,Unclassified,1880
3590,No known disability,Full-time,Northern Ireland,2014/15,First class honours,1415
3591,No known disability,Full-time,Northern Ireland,2014/15,Upper second class honours,3655
3592,No known disability,Full-time,Northern Ireland,2014/15,Lower second class honours,1445
3593,No known disability,Full-time,Northern Ireland,2014/15,Third class honours/Pass,180
3594,No known disability,Full-time,Northern Ireland,2014/15,Unclassified,245
3595,No known disability,Part-time,Northern Ireland,2014/15,First class honours,105
3596,No known disability,Part-time,Northern Ireland,2014/15,Upper second class honours,335
3597,No known disability,Part-time,Northern Ireland,2014/15,Lower second class honours,250
3598,No known disability,Part-time,Northern Ireland,2014/15,Third class honours/Pass,60
3599,No known disability,Part-time,Northern Ireland,2014/15,Unclassified,20
3600,No known disability,Full-time,Scotland,2014/15,First class honours,3825
3601,No known disability,Full-time,Scotland,2014/15,Upper second class honours,9530
3602,No known disability,Full-time,Scotland,2014/15,Lower second class honours,3280
3603,No known disability,Full-time,Scotland,2014/15,Third class honours/Pass,495
3604,No known disability,Full-time,Scotland,2014/15,Unclassified,6600
3605,No known disability,Part-time,Scotland,2014/15,First class honours,155
3606,No known disability,Part-time,Scotland,2014/15,Upper second class honours,340
3607,No known disability,Part-time,Scotland,2014/15,Lower second class honours,270
3608,No known disability,Part-time,Scotland,2014/15,Third class honours/Pass,110
3609,No known disability,Part-time,Scotland,2014/15,Unclassified,1685
3610,No known disability,Full-time,Wales,2014/15,First class honours,2950
3611,No known disability,Full-time,Wales,2014/15,Upper second class honours,7035
3612,No known disability,Full-time,Wales,2014/15,Lower second class honours,3385
3613,No known disability,Full-time,Wales,2014/15,Third class honours/Pass,555
3614,No known disability,Full-time,Wales,2014/15,Unclassified,435
3615,No known disability,Part-time,Wales,2014/15,First class honours,220
3616,No known disability,Part-time,Wales,2014/15,Upper second class honours,395
3617,No known disability,Part-time,Wales,2014/15,Lower second class honours,295
3618,No known disability,Part-time,Wales,2014/15,Third class honours/Pass,145
3619,No known disability,Part-time,Wales,2014/15,Unclassified,90
3620,No known disability,Full-time,England,2015/16,First class honours,52760
3621,No known disability,Full-time,England,2015/16,Upper second class honours,108400
3622,No known disability,Full-time,England,2015/16,Lower second class honours,41170
3623,No known disability,Full-time,England,2015/16,Third class honours/Pass,7945
3624,No known disability,Full-time,England,2015/16,Unclassified,7775
3625,No known disability,Part-time,England,2015/16,First class honours,3990
3626,No known disability,Part-time,England,2015/16,Upper second class honours,7785
3627,No known disability,Part-time,England,2015/16,Lower second class honours,6120
3628,No known disability,Part-time,England,2015/16,Third class honours/Pass,3565
3629,No known disability,Part-time,England,2015/16,Unclassified,1625
3630,No known disability,Full-time,Northern Ireland,2015/16,First class honours,1650
3631,No known disability,Full-time,Northern Ireland,2015/16,Upper second class honours,3730
3632,No known disability,Full-time,Northern Ireland,2015/16,Lower second class honours,1445
3633,No known disability,Full-time,Northern Ireland,2015/16,Third class honours/Pass,185
3634,No known disability,Full-time,Northern Ireland,2015/16,Unclassified,235
3635,No known disability,Part-time,Northern Ireland,2015/16,First class honours,105
3636,No known disability,Part-time,Northern Ireland,2015/16,Upper second class honours,305
3637,No known disability,Part-time,Northern Ireland,2015/16,Lower second class honours,175
3638,No known disability,Part-time,Northern Ireland,2015/16,Third class honours/Pass,65
3639,No known disability,Part-time,Northern Ireland,2015/16,Unclassified,25
3640,No known disability,Full-time,Scotland,2015/16,First class honours,4340
3641,No known disability,Full-time,Scotland,2015/16,Upper second class honours,9960
3642,No known disability,Full-time,Scotland,2015/16,Lower second class honours,3170
3643,No known disability,Full-time,Scotland,2015/16,Third class honours/Pass,495
3644,No known disability,Full-time,Scotland,2015/16,Unclassified,6460
3645,No known disability,Part-time,Scotland,2015/16,First class honours,175
3646,No known disability,Part-time,Scotland,2015/16,Upper second class honours,385
3647,No known disability,Part-time,Scotland,2015/16,Lower second class honours,280
3648,No known disability,Part-time,Scotland,2015/16,Third class honours/Pass,110
3649,No known disability,Part-time,Scotland,2015/16,Unclassified,1340
3650,No known disability,Full-time,Wales,2015/16,First class honours,3230
3651,No known disability,Full-time,Wales,2015/16,Upper second class honours,7045
3652,No known disability,Full-time,Wales,2015/16,Lower second class honours,3100
3653,No known disability,Full-time,Wales,2015/16,Third class honours/Pass,455
3654,No known disability,Full-time,Wales,2015/16,Unclassified,375
3655,No known disability,Part-time,Wales,2015/16,First class honours,245
3656,No known disability,Part-time,Wales,2015/16,Upper second class honours,345
3657,No known disability,Part-time,Wales,2015/16,Lower second class honours,205
3658,No known disability,Part-time,Wales,2015/16,Third class honours/Pass,105
3659,No known disability,Part-time,Wales,2015/16,Unclassified,70
3660,No known disability,Full-time,England,2016/17,First class honours,60150
3661,No known disability,Full-time,England,2016/17,Upper second class honours,110445
3662,No known disability,Full-time,England,2016/17,Lower second class honours,39660
3663,No known disability,Full-time,England,2016/17,Third class honours/Pass,8025
3664,No known disability,Full-time,England,2016/17,Unclassified,7405
3665,No known disability,Part-time,England,2016/17,First class honours,4170
3666,No known disability,Part-time,England,2016/17,Upper second class honours,7430
3667,No known disability,Part-time,England,2016/17,Lower second class honours,5840
3668,No known disability,Part-time,England,2016/17,Third class honours/Pass,3415
3669,No known disability,Part-time,England,2016/17,Unclassified,1315
3670,No known disability,Full-time,Northern Ireland,2016/17,First class honours,1710
3671,No known disability,Full-time,Northern Ireland,2016/17,Upper second class honours,3865
3672,No known disability,Full-time,Northern Ireland,2016/17,Lower second class honours,1375
3673,No known disability,Full-time,Northern Ireland,2016/17,Third class honours/Pass,140
3674,No known disability,Full-time,Northern Ireland,2016/17,Unclassified,215
3675,No known disability,Part-time,Northern Ireland,2016/17,First class honours,120
3676,No known disability,Part-time,Northern Ireland,2016/17,Upper second class honours,315
3677,No known disability,Part-time,Northern Ireland,2016/17,Lower second class honours,175
3678,No known disability,Part-time,Northern Ireland,2016/17,Third class honours/Pass,55
3679,No known disability,Part-time,Northern Ireland,2016/17,Unclassified,20
3680,No known disability,Full-time,Scotland,2016/17,First class honours,4525
3681,No known disability,Full-time,Scotland,2016/17,Upper second class honours,10040
3682,No known disability,Full-time,Scotland,2016/17,Lower second class honours,3170
3683,No known disability,Full-time,Scotland,2016/17,Third class honours/Pass,520
3684,No known disability,Full-time,Scotland,2016/17,Unclassified,6500
3685,No known disability,Part-time,Scotland,2016/17,First class honours,195
3686,No known disability,Part-time,Scotland,2016/17,Upper second class honours,410
3687,No known disability,Part-time,Scotland,2016/17,Lower second class honours,300
3688,No known disability,Part-time,Scotland,2016/17,Third class honours/Pass,125
3689,No known disability,Part-time,Scotland,2016/17,Unclassified,1200
3690,No known disability,Full-time,Wales,2016/17,First class honours,3745
3691,No known disability,Full-time,Wales,2016/17,Upper second class honours,7200
3692,No known disability,Full-time,Wales,2016/17,Lower second class honours,2995
3693,No known disability,Full-time,Wales,2016/17,Third class honours/Pass,505
3694,No known disability,Full-time,Wales,2016/17,Unclassified,425
3695,No known disability,Part-time,Wales,2016/17,First class honours,225
3696,No known disability,Part-time,Wales,2016/17,Upper second class honours,360
3697,No known disability,Part-time,Wales,2016/17,Lower second class honours,225
3698,No known disability,Part-time,Wales,2016/17,Third class honours/Pass,100
3699,No known disability,Part-time,Wales,2016/17,Unclassified,65
3700,No known disability,Full-time,England,2017/18,First class honours,65440
3701,No known disability,Full-time,England,2017/18,Upper second class honours,109785
3702,No known disability,Full-time,England,2017/18,Lower second class honours,38315
3703,No known disability,Full-time,England,2017/18,Third class honours/Pass,7815
3704,No known disability,Full-time,England,2017/18,Unclassified,7350
3705,No known disability,Part-time,England,2017/18,First class honours,3740
3706,No known disability,Part-time,England,2017/18,Upper second class honours,6030
3707,No known disability,Part-time,England,2017/18,Lower second class honours,4925
3708,No known disability,Part-time,England,2017/18,Third class honours/Pass,3085
3709,No known disability,Part-time,England,2017/18,Unclassified,1065
3710,No known disability,Full-time,Northern Ireland,2017/18,First class honours,1910
3711,No known disability,Full-time,Northern Ireland,2017/18,Upper second class honours,3540
3712,No known disability,Full-time,Northern Ireland,2017/18,Lower second class honours,1130
3713,No known disability,Full-time,Northern Ireland,2017/18,Third class honours/Pass,110
3714,No known disability,Full-time,Northern Ireland,2017/18,Unclassified,200
3715,No known disability,Part-time,Northern Ireland,2017/18,First class honours,145
3716,No known disability,Part-time,Northern Ireland,2017/18,Upper second class honours,250
3717,No known disability,Part-time,Northern Ireland,2017/18,Lower second class honours,170
3718,No known disability,Part-time,Northern Ireland,2017/18,Third class honours/Pass,65
3719,No known disability,Part-time,Northern Ireland,2017/18,Unclassified,15
3720,No known disability,Full-time,Scotland,2017/18,First class honours,4780
3721,No known disability,Full-time,Scotland,2017/18,Upper second class honours,10240
3722,No known disability,Full-time,Scotland,2017/18,Lower second class honours,2980
3723,No known disability,Full-time,Scotland,2017/18,Third class honours/Pass,450
3724,No known disability,Full-time,Scotland,2017/18,Unclassified,6325
3725,No known disability,Part-time,Scotland,2017/18,First class honours,180
3726,No known disability,Part-time,Scotland,2017/18,Upper second class honours,340
3727,No known disability,Part-time,Scotland,2017/18,Lower second class honours,265
3728,No known disability,Part-time,Scotland,2017/18,Third class honours/Pass,135
3729,No known disability,Part-time,Scotland,2017/18,Unclassified,1130
3730,No known disability,Full-time,Wales,2017/18,First class honours,4035
3731,No known disability,Full-time,Wales,2017/18,Upper second class honours,6935
3732,No known disability,Full-time,Wales,2017/18,Lower second class honours,2725
3733,No known disability,Full-time,Wales,2017/18,Third class honours/Pass,420
3734,No known disability,Full-time,Wales,2017/18,Unclassified,375
3735,No known disability,Part-time,Wales,2017/18,First class honours,230
3736,No known disability,Part-time,Wales,2017/18,Upper second class honours,285
3737,No known disability,Part-time,Wales,2017/18,Lower second class honours,195
3738,No known disability,Part-time,Wales,2017/18,Third class honours/Pass,90
3739,No known disability,Part-time,Wales,2017/18,Unclassified,80
3740,No known disability,Full-time,England,2018/19,First class honours,65835
3741,No known disability,Full-time,England,2018/19,Upper second class honours,108685
3742,No known disability,Full-time,England,2018/19,Lower second class honours,38420
3743,No known disability,Full-time,England,2018/19,Third class honours/Pass,7770
3744,No known disability,Full-time,England,2018/19,Unclassified,7280
3745,No known disability,Part-time,England,2018/19,First class honours,3865
3746,No known disability,Part-time,England,2018/19,Upper second class honours,6195
3747,No known disability,Part-time,England,2018/19,Lower second class honours,4435
3748,No known disability,Part-time,England,2018/19,Third class honours/Pass,2730
3749,No known disability,Part-time,England,2018/19,Unclassified,925
3750,No known disability,Full-time,Northern Ireland,2018/19,First class honours,1900
3751,No known disability,Full-time,Northern Ireland,2018/19,Upper second class honours,3620
3752,No known disability,Full-time,Northern Ireland,2018/19,Lower second class honours,1040
3753,No known disability,Full-time,Northern Ireland,2018/19,Third class honours/Pass,100
3754,No known disability,Full-time,Northern Ireland,2018/19,Unclassified,205
3755,No known disability,Part-time,Northern Ireland,2018/19,First class honours,170
3756,No known disability,Part-time,Northern Ireland,2018/19,Upper second class honours,315
3757,No known disability,Part-time,Northern Ireland,2018/19,Lower second class honours,175
3758,No known disability,Part-time,Northern Ireland,2018/19,Third class honours/Pass,35
3759,No known disability,Part-time,Northern Ireland,2018/19,Unclassified,5
3760,No known disability,Full-time,Scotland,2018/19,First class honours,4975
3761,No known disability,Full-time,Scotland,2018/19,Upper second class honours,9730
3762,No known disability,Full-time,Scotland,2018/19,Lower second class honours,2865
3763,No known disability,Full-time,Scotland,2018/19,Third class honours/Pass,430
3764,No known disability,Full-time,Scotland,2018/19,Unclassified,6575
3765,No known disability,Part-time,Scotland,2018/19,First class honours,245
3766,No known disability,Part-time,Scotland,2018/19,Upper second class honours,465
3767,No known disability,Part-time,Scotland,2018/19,Lower second class honours,255
3768,No known disability,Part-time,Scotland,2018/19,Third class honours/Pass,125
3769,No known disability,Part-time,Scotland,2018/19,Unclassified,1175
3770,No known disability,Full-time,Wales,2018/19,First class honours,4190
3771,No known disability,Full-time,Wales,2018/19,Upper second class honours,6890
3772,No known disability,Full-time,Wales,2018/19,Lower second class honours,2605
3773,No known disability,Full-time,Wales,2018/19,Third class honours/Pass,375
3774,No known disability,Full-time,Wales,2018/19,Unclassified,370
3775,No known disability,Part-time,Wales,2018/19,First class honours,260
3776,No known disability,Part-time,Wales,2018/19,Upper second class honours,310
3777,No known disability,Part-time,Wales,2018/19,Lower second class honours,185
3778,No known disability,Part-time,Wales,2018/19,Third class honours/Pass,85
3779,No known disability,Part-time,Wales,2018/19,Unclassified,40
3780,No known disability,Full-time,England,2019/20,First class honours,78375
3781,No known disability,Full-time,England,2019/20,Upper second class honours,102155
3782,No known disability,Full-time,England,2019/20,Lower second class honours,29580
3783,No known disability,Full-time,England,2019/20,Third class honours/Pass,4970
3784,No known disability,Full-time,England,2019/20,Unclassified,7325
3785,No known disability,Part-time,England,2019/20,First class honours,3410
3786,No known disability,Part-time,England,2019/20,Upper second class honours,4270
3787,No known disability,Part-time,England,2019/20,Lower second class honours,3175
3788,No known disability,Part-time,England,2019/20,Third class honours/Pass,1750
3789,No known disability,Part-time,England,2019/20,Unclassified,575
3790,No known disability,Full-time,Northern Ireland,2019/20,First class honours,2085
3791,No known disability,Full-time,Northern Ireland,2019/20,Upper second class honours,3490
3792,No known disability,Full-time,Northern Ireland,2019/20,Lower second class honours,765
3793,No known disability,Full-time,Northern Ireland,2019/20,Third class honours/Pass,50
3794,No known disability,Full-time,Northern Ireland,2019/20,Unclassified,205
3795,No known disability,Part-time,Northern Ireland,2019/20,First class honours,165
3796,No known disability,Part-time,Northern Ireland,2019/20,Upper second class honours,240
3797,No known disability,Part-time,Northern Ireland,2019/20,Lower second class honours,140
3798,No known disability,Part-time,Northern Ireland,2019/20,Third class honours/Pass,35
3799,No known disability,Part-time,Northern Ireland,2019/20,Unclassified,0
3800,No known disability,Full-time,Scotland,2019/20,First class honours,6385
3801,No known disability,Full-time,Scotland,2019/20,Upper second class honours,9365
3802,No known disability,Full-time,Scotland,2019/20,Lower second class honours,2135
3803,No known disability,Full-time,Scotland,2019/20,Third class honours/Pass,335
3804,No known disability,Full-time,Scotland,2019/20,Unclassified,5265
3805,No known disability,Part-time,Scotland,2019/20,First class honours,140
3806,No known disability,Part-time,Scotland,2019/20,Upper second class honours,220
3807,No known disability,Part-time,Scotland,2019/20,Lower second class honours,125
3808,No known disability,Part-time,Scotland,2019/20,Third class honours/Pass,70
3809,No known disability,Part-time,Scotland,2019/20,Unclassified,1000
3810,No known disability,Full-time,Wales,2019/20,First class honours,5240
3811,No known disability,Full-time,Wales,2019/20,Upper second class honours,6665
3812,No known disability,Full-time,Wales,2019/20,Lower second class honours,2145
3813,No known disability,Full-time,Wales,2019/20,Third class honours/Pass,305
3814,No known disability,Full-time,Wales,2019/20,Unclassified,365
3815,No known disability,Part-time,Wales,2019/20,First class honours,215
3816,No known disability,Part-time,Wales,2019/20,Upper second class honours,205
3817,No known disability,Part-time,Wales,2019/20,Lower second class honours,95
3818,No known disability,Part-time,Wales,2019/20,Third class honours/Pass,45
3819,No known disability,Part-time,Wales,2019/20,Unclassified,10
3820,No known disability,All,England,2014/15,First class honours,53020
3821,No known disability,All,England,2014/15,Upper second class honours,115480
3822,No known disability,All,England,2014/15,Lower second class honours,48545
3823,No known disability,All,England,2014/15,Third class honours/Pass,11555
3824,No known disability,All,England,2014/15,Unclassified,9810
3825,No known disability,All,Northern Ireland,2014/15,First class honours,1520
3826,No known disability,All,Northern Ireland,2014/15,Upper second class honours,3990
3827,No known disability,All,Northern Ireland,2014/15,Lower second class honours,1695
3828,No known disability,All,Northern Ireland,2014/15,Third class honours/Pass,240
3829,No known disability,All,Northern Ireland,2014/15,Unclassified,265
3830,No known disability,All,Scotland,2014/15,First class honours,3985
3831,No known disability,All,Scotland,2014/15,Upper second class honours,9870
3832,No known disability,All,Scotland,2014/15,Lower second class honours,3550
3833,No known disability,All,Scotland,2014/15,Third class honours/Pass,605
3834,No known disability,All,Scotland,2014/15,Unclassified,8285
3835,No known disability,All,Wales,2014/15,First class honours,3165
3836,No known disability,All,Wales,2014/15,Upper second class honours,7430
3837,No known disability,All,Wales,2014/15,Lower second class honours,3680
3838,No known disability,All,Wales,2014/15,Third class honours/Pass,700
3839,No known disability,All,Wales,2014/15,Unclassified,525
3840,No known disability,All,England,2015/16,First class honours,56750
3841,No known disability,All,England,2015/16,Upper second class honours,116185
3842,No known disability,All,England,2015/16,Lower second class honours,47290
3843,No known disability,All,England,2015/16,Third class honours/Pass,11510
3844,No known disability,All,England,2015/16,Unclassified,9400
3845,No known disability,All,Northern Ireland,2015/16,First class honours,1755
3846,No known disability,All,Northern Ireland,2015/16,Upper second class honours,4035
3847,No known disability,All,Northern Ireland,2015/16,Lower second class honours,1620
3848,No known disability,All,Northern Ireland,2015/16,Third class honours/Pass,250
3849,No known disability,All,Northern Ireland,2015/16,Unclassified,260
3850,No known disability,All,Scotland,2015/16,First class honours,4515
3851,No known disability,All,Scotland,2015/16,Upper second class honours,10345
3852,No known disability,All,Scotland,2015/16,Lower second class honours,3450
3853,No known disability,All,Scotland,2015/16,Third class honours/Pass,605
3854,No known disability,All,Scotland,2015/16,Unclassified,7800
3855,No known disability,All,Wales,2015/16,First class honours,3475
3856,No known disability,All,Wales,2015/16,Upper second class honours,7390
3857,No known disability,All,Wales,2015/16,Lower second class honours,3305
3858,No known disability,All,Wales,2015/16,Third class honours/Pass,560
3859,No known disability,All,Wales,2015/16,Unclassified,445
3860,No known disability,All,England,2016/17,First class honours,64320
3861,No known disability,All,England,2016/17,Upper second class honours,117875
3862,No known disability,All,England,2016/17,Lower second class honours,45500
3863,No known disability,All,England,2016/17,Third class honours/Pass,11440
3864,No known disability,All,England,2016/17,Unclassified,8720
3865,No known disability,All,Northern Ireland,2016/17,First class honours,1830
3866,No known disability,All,Northern Ireland,2016/17,Upper second class honours,4180
3867,No known disability,All,Northern Ireland,2016/17,Lower second class honours,1550
3868,No known disability,All,Northern Ireland,2016/17,Third class honours/Pass,195
3869,No known disability,All,Northern Ireland,2016/17,Unclassified,235
3870,No known disability,All,Scotland,2016/17,First class honours,4720
3871,No known disability,All,Scotland,2016/17,Upper second class honours,10455
3872,No known disability,All,Scotland,2016/17,Lower second class honours,3470
3873,No known disability,All,Scotland,2016/17,Third class honours/Pass,640
3874,No known disability,All,Scotland,2016/17,Unclassified,7700
3875,No known disability,All,Wales,2016/17,First class honours,3970
3876,No known disability,All,Wales,2016/17,Upper second class honours,7560
3877,No known disability,All,Wales,2016/17,Lower second class honours,3220
3878,No known disability,All,Wales,2016/17,Third class honours/Pass,605
3879,No known disability,All,Wales,2016/17,Unclassified,490
3880,No known disability,All,England,2017/18,First class honours,69185
3881,No known disability,All,England,2017/18,Upper second class honours,115810
3882,No known disability,All,England,2017/18,Lower second class honours,43245
3883,No known disability,All,England,2017/18,Third class honours/Pass,10900
3884,No known disability,All,England,2017/18,Unclassified,8420
3885,No known disability,All,Northern Ireland,2017/18,First class honours,2055
3886,No known disability,All,Northern Ireland,2017/18,Upper second class honours,3790
3887,No known disability,All,Northern Ireland,2017/18,Lower second class honours,1300
3888,No known disability,All,Northern Ireland,2017/18,Third class honours/Pass,170
3889,No known disability,All,Northern Ireland,2017/18,Unclassified,215
3890,No known disability,All,Scotland,2017/18,First class honours,4960
3891,No known disability,All,Scotland,2017/18,Upper second class honours,10575
3892,No known disability,All,Scotland,2017/18,Lower second class honours,3245
3893,No known disability,All,Scotland,2017/18,Third class honours/Pass,580
3894,No known disability,All,Scotland,2017/18,Unclassified,7455
3895,No known disability,All,Wales,2017/18,First class honours,4270
3896,No known disability,All,Wales,2017/18,Upper second class honours,7215
3897,No known disability,All,Wales,2017/18,Lower second class honours,2920
3898,No known disability,All,Wales,2017/18,Third class honours/Pass,505
3899,No known disability,All,Wales,2017/18,Unclassified,455
3900,No known disability,All,England,2018/19,First class honours,69700
3901,No known disability,All,England,2018/19,Upper second class honours,114880
3902,No known disability,All,England,2018/19,Lower second class honours,42855
3903,No known disability,All,England,2018/19,Third class honours/Pass,10500
3904,No known disability,All,England,2018/19,Unclassified,8200
3905,No known disability,All,Northern Ireland,2018/19,First class honours,2070
3906,No known disability,All,Northern Ireland,2018/19,Upper second class honours,3935
3907,No known disability,All,Northern Ireland,2018/19,Lower second class honours,1215
3908,No known disability,All,Northern Ireland,2018/19,Third class honours/Pass,140
3909,No known disability,All,Northern Ireland,2018/19,Unclassified,215
3910,No known disability,All,Scotland,2018/19,First class honours,5220
3911,No known disability,All,Scotland,2018/19,Upper second class honours,10200
3912,No known disability,All,Scotland,2018/19,Lower second class honours,3120
3913,No known disability,All,Scotland,2018/19,Third class honours/Pass,555
3914,No known disability,All,Scotland,2018/19,Unclassified,7750
3915,No known disability,All,Wales,2018/19,First class honours,4450
3916,No known disability,All,Wales,2018/19,Upper second class honours,7200
3917,No known disability,All,Wales,2018/19,Lower second class honours,2790
3918,No known disability,All,Wales,2018/19,Third class honours/Pass,460
3919,No known disability,All,Wales,2018/19,Unclassified,410
3920,No known disability,All,England,2019/20,First class honours,81780
3921,No known disability,All,England,2019/20,Upper second class honours,106425
3922,No known disability,All,England,2019/20,Lower second class honours,32755
3923,No known disability,All,England,2019/20,Third class honours/Pass,6720
3924,No known disability,All,England,2019/20,Unclassified,7905
3925,No known disability,All,Northern Ireland,2019/20,First class honours,2245
3926,No known disability,All,Northern Ireland,2019/20,Upper second class honours,3725
3927,No known disability,All,Northern Ireland,2019/20,Lower second class honours,905
3928,No known disability,All,Northern Ireland,2019/20,Third class honours/Pass,85
3929,No known disability,All,Northern Ireland,2019/20,Unclassified,205
3930,No known disability,All,Scotland,2019/20,First class honours,6530
3931,No known disability,All,Scotland,2019/20,Upper second class honours,9585
3932,No known disability,All,Scotland,2019/20,Lower second class honours,2260
3933,No known disability,All,Scotland,2019/20,Third class honours/Pass,410
3934,No known disability,All,Scotland,2019/20,Unclassified,6265
3935,No known disability,All,Wales,2019/20,First class honours,5455
3936,No known disability,All,Wales,2019/20,Upper second class honours,6875
3937,No known disability,All,Wales,2019/20,Lower second class honours,2240
3938,No known disability,All,Wales,2019/20,Third class honours/Pass,350
3939,No known disability,All,Wales,2019/20,Unclassified,375
3940,No known disability,All,All,2014/15,First class honours,61695
3941,No known disability,All,All,2014/15,Upper second class honours,136775
3942,No known disability,All,All,2014/15,Lower second class honours,57470
3943,No known disability,All,All,2014/15,Third class honours/Pass,13095
3944,No known disability,All,All,2014/15,Unclassified,18890
3945,No known disability,All,All,2015/16,First class honours,66495
3946,No known disability,All,All,2015/16,Upper second class honours,137955
3947,No known disability,All,All,2015/16,Lower second class honours,55660
3948,No known disability,All,All,2015/16,Third class honours/Pass,12930
3949,No known disability,All,All,2015/16,Unclassified,17900
3950,No known disability,All,All,2016/17,First class honours,74840
3951,No known disability,All,All,2016/17,Upper second class honours,140070
3952,No known disability,All,All,2016/17,Lower second class honours,53740
3953,No known disability,All,All,2016/17,Third class honours/Pass,12880
3954,No known disability,All,All,2016/17,Unclassified,17145
3955,No known disability,All,All,2017/18,First class honours,80470
3956,No known disability,All,All,2017/18,Upper second class honours,137395
3957,No known disability,All,All,2017/18,Lower second class honours,50705
3958,No known disability,All,All,2017/18,Third class honours/Pass,12160
3959,No known disability,All,All,2017/18,Unclassified,16545
3960,No known disability,All,All,2018/19,First class honours,81440
3961,No known disability,All,All,2018/19,Upper second class honours,136210
3962,No known disability,All,All,2018/19,Lower second class honours,49975
3963,No known disability,All,All,2018/19,Third class honours/Pass,11655
3964,No known disability,All,All,2018/19,Unclassified,16575
3965,No known disability,All,All,2019/20,First class honours,96015
3966,No known disability,All,All,2019/20,Upper second class honours,126610
3967,No known disability,All,All,2019/20,Lower second class honours,38160
3968,No known disability,All,All,2019/20,Third class honours/Pass,7565
3969,No known disability,All,All,2019/20,Unclassified,14750
3970,No known disability,Full-time,All,2014/15,First class honours,56795
3971,No known disability,Full-time,All,2014/15,Upper second class honours,126865
3972,No known disability,Full-time,All,2014/15,Lower second class honours,49910
3973,No known disability,Full-time,All,2014/15,Third class honours/Pass,9085
3974,No known disability,Full-time,All,2014/15,Unclassified,15210
3975,No known disability,Full-time,All,2015/16,First class honours,61975
3976,No known disability,Full-time,All,2015/16,Upper second class honours,129140
3977,No known disability,Full-time,All,2015/16,Lower second class honours,48885
3978,No known disability,Full-time,All,2015/16,Third class honours/Pass,9080
3979,No known disability,Full-time,All,2015/16,Unclassified,14845
3980,No known disability,Full-time,All,2016/17,First class honours,70125
3981,No known disability,Full-time,All,2016/17,Upper second class honours,131555
3982,No known disability,Full-time,All,2016/17,Lower second class honours,47200
3983,No known disability,Full-time,All,2016/17,Third class honours/Pass,9190
3984,No known disability,Full-time,All,2016/17,Unclassified,14545
3985,No known disability,Full-time,All,2017/18,First class honours,76170
3986,No known disability,Full-time,All,2017/18,Upper second class honours,130495
3987,No known disability,Full-time,All,2017/18,Lower second class honours,45150
3988,No known disability,Full-time,All,2017/18,Third class honours/Pass,8790
3989,No known disability,Full-time,All,2017/18,Unclassified,14255
3990,No known disability,Full-time,All,2018/19,First class honours,76895
3991,No known disability,Full-time,All,2018/19,Upper second class honours,128925
3992,No known disability,Full-time,All,2018/19,Lower second class honours,44930
3993,No known disability,Full-time,All,2018/19,Third class honours/Pass,8680
3994,No known disability,Full-time,All,2018/19,Unclassified,14430
3995,No known disability,Full-time,All,2019/20,First class honours,92085
3996,No known disability,Full-time,All,2019/20,Upper second class honours,121670
3997,No known disability,Full-time,All,2019/20,Lower second class honours,34625
3998,No known disability,Full-time,All,2019/20,Third class honours/Pass,5660
3999,No known disability,Full-time,All,2019/20,Unclassified,13165
4000,No known disability,Part-time,All,2014/15,First class honours,4900
4001,No known disability,Part-time,All,2014/15,Upper second class honours,9910
4002,No known disability,Part-time,All,2014/15,Lower second class honours,7560
4003,No known disability,Part-time,All,2014/15,Third class honours/Pass,4010
4004,No known disability,Part-time,All,2014/15,Unclassified,3675
4005,No known disability,Part-time,All,2015/16,First class honours,4520
4006,No known disability,Part-time,All,2015/16,Upper second class honours,8820
4007,No known disability,Part-time,All,2015/16,Lower second class honours,6780
4008,No known disability,Part-time,All,2015/16,Third class honours/Pass,3845
4009,No known disability,Part-time,All,2015/16,Unclassified,3060
4010,No known disability,Part-time,All,2016/17,First class honours,4715
4011,No known disability,Part-time,All,2016/17,Upper second class honours,8520
4012,No known disability,Part-time,All,2016/17,Lower second class honours,6540
4013,No known disability,Part-time,All,2016/17,Third class honours/Pass,3690
4014,No known disability,Part-time,All,2016/17,Unclassified,2600
4015,No known disability,Part-time,All,2017/18,First class honours,4300
4016,No known disability,Part-time,All,2017/18,Upper second class honours,6900
4017,No known disability,Part-time,All,2017/18,Lower second class honours,5555
4018,No known disability,Part-time,All,2017/18,Third class honours/Pass,3370
4019,No known disability,Part-time,All,2017/18,Unclassified,2290
4020,No known disability,Part-time,All,2018/19,First class honours,4540
4021,No known disability,Part-time,All,2018/19,Upper second class honours,7285
4022,No known disability,Part-time,All,2018/19,Lower second class honours,5050
4023,No known disability,Part-time,All,2018/19,Third class honours/Pass,2975
4024,No known disability,Part-time,All,2018/19,Unclassified,2145
4025,No known disability,Part-time,All,2019/20,First class honours,3930
4026,No known disability,Part-time,All,2019/20,Upper second class honours,4935
4027,No known disability,Part-time,All,2019/20,Lower second class honours,3535
4028,No known disability,Part-time,All,2019/20,Third class honours/Pass,1900
4029,No known disability,Part-time,All,2019/20,Unclassified,1585
